dataset,num_samples,model,fraction,rep,query_strategy,propagation,kernel,roc_auc
47_yeast,500,IForest,0.0,0,random,True,knn,0.45015019819051166
47_yeast,500,IForest,0.0,1,random,True,knn,0.3948168293073109
47_yeast,500,IForest,0.0,2,random,True,knn,0.35766721768961407
47_yeast,500,IForest,0.0,3,random,True,knn,0.40185570308750596
47_yeast,500,IForest,0.0,4,random,True,knn,0.4194528875379939
47_yeast,500,IForest,0.0,0,random,False,knn,0.4356814020867772
47_yeast,500,IForest,0.0,1,random,False,knn,0.39963383636395955
47_yeast,500,IForest,0.0,2,random,False,knn,0.3585915142466094
47_yeast,500,IForest,0.0,3,random,False,knn,0.39104854334417605
47_yeast,500,IForest,0.0,4,random,False,knn,0.4121829396185499
47_yeast,500,IForest,0.0,0,uncertainty,True,knn,0.42745160774276114
47_yeast,500,IForest,0.0,1,uncertainty,True,knn,0.39535007732096195
47_yeast,500,IForest,0.0,2,uncertainty,True,knn,0.3511260420554933
47_yeast,500,IForest,0.0,3,uncertainty,True,knn,0.3802947084022112
47_yeast,500,IForest,0.0,4,uncertainty,True,knn,0.4123073641550685
47_yeast,500,IForest,0.0,0,uncertainty,False,knn,0.4416182299720933
47_yeast,500,IForest,0.0,1,uncertainty,False,knn,0.4064949608062709
47_yeast,500,IForest,0.0,2,uncertainty,False,knn,0.3584493147763025
47_yeast,500,IForest,0.0,3,uncertainty,False,knn,0.3978918928526991
47_yeast,500,IForest,0.0,4,uncertainty,False,knn,0.4214614550560799
47_yeast,500,IForest,0.0,0,anomalous,True,knn,0.43482820526493543
47_yeast,500,IForest,0.0,1,anomalous,True,knn,0.39392808261789225
47_yeast,500,IForest,0.0,2,anomalous,True,knn,0.3606534065660605
47_yeast,500,IForest,0.0,3,anomalous,True,knn,0.40715263335644075
47_yeast,500,IForest,0.0,4,anomalous,True,knn,0.42336337297143567
47_yeast,500,IForest,0.0,0,anomalous,False,knn,0.4294424003270588
47_yeast,500,IForest,0.0,1,anomalous,False,knn,0.4099432979612151
47_yeast,500,IForest,0.0,2,anomalous,False,knn,0.3532057093087328
47_yeast,500,IForest,0.0,3,anomalous,False,knn,0.39312821059741543
47_yeast,500,IForest,0.0,4,anomalous,False,knn,0.4204482838301427
47_yeast,500,IForest,0.0,0,clusters,True,knn,0.43043779661920756
47_yeast,500,IForest,0.0,1,clusters,True,knn,0.376988570717574
47_yeast,500,IForest,0.0,2,clusters,True,knn,0.345900211521712
47_yeast,500,IForest,0.0,3,clusters,True,knn,0.38536056453189704
47_yeast,500,IForest,0.0,4,clusters,True,knn,0.414191507136636
47_yeast,500,IForest,0.0,0,clusters,False,knn,0.42012833502195207
47_yeast,500,IForest,0.0,1,clusters,False,knn,0.41417373220284753
47_yeast,500,IForest,0.0,2,clusters,False,knn,0.3657725874971115
47_yeast,500,IForest,0.0,3,clusters,False,knn,0.3937325583462201
47_yeast,500,IForest,0.0,4,clusters,False,knn,0.4073303826943244
47_yeast,15,IForest,0.004,0,random,True,knn,0.4301000728772285
47_yeast,471,IForest,0.004,1,random,True,knn,0.39479905437352236
47_yeast,500,IForest,0.004,2,random,True,knn,0.35857373931282105
47_yeast,500,IForest,0.004,3,random,True,knn,0.3936436836772783
47_yeast,500,IForest,0.004,4,random,True,knn,0.4133916351161592
47_yeast,499,IForest,0.004,0,random,False,knn,0.4377077445386516
47_yeast,499,IForest,0.004,1,random,False,knn,0.395065678380348
47_yeast,498,IForest,0.004,2,random,False,knn,0.3550898522903002
47_yeast,500,IForest,0.004,3,random,False,knn,0.3813612044295135
47_yeast,500,IForest,0.004,4,random,False,knn,0.41774649389431023
47_yeast,500,IForest,0.004,0,uncertainty,True,knn,0.4323397145345633
47_yeast,500,IForest,0.004,1,uncertainty,True,knn,0.39175954069571084
47_yeast,78,IForest,0.004,2,uncertainty,True,knn,0.32465916564460795
47_yeast,500,IForest,0.004,3,uncertainty,True,knn,0.3912973924172132
47_yeast,0,IForest,0.004,4,uncertainty,True,knn,
47_yeast,499,IForest,0.004,0,uncertainty,False,knn,0.430793295294975
47_yeast,500,IForest,0.004,1,uncertainty,False,knn,0.40365097140013145
47_yeast,499,IForest,0.004,2,uncertainty,False,knn,0.3526724612950816
47_yeast,499,IForest,0.004,3,uncertainty,False,knn,0.39323486020014575
47_yeast,500,IForest,0.004,4,uncertainty,False,knn,0.4045219431557618
47_yeast,499,IForest,0.004,0,anomalous,True,knn,0.43601912582875624
47_yeast,500,IForest,0.004,1,anomalous,True,knn,0.41166746653868713
47_yeast,499,IForest,0.004,2,anomalous,True,knn,0.36120442951350007
47_yeast,500,IForest,0.004,3,anomalous,True,knn,0.3919728399011714
47_yeast,499,IForest,0.004,4,anomalous,True,knn,0.4163955989263939
47_yeast,499,IForest,0.004,0,anomalous,False,knn,0.4500790984553582
47_yeast,498,IForest,0.004,1,anomalous,False,knn,0.39766081871345027
47_yeast,498,IForest,0.004,2,anomalous,False,knn,0.3664658099148581
47_yeast,500,IForest,0.004,3,anomalous,False,knn,0.38928882489912725
47_yeast,499,IForest,0.004,4,anomalous,False,knn,0.41204074014824293
47_yeast,2,IForest,0.004,0,clusters,True,knn,0.5
47_yeast,9,IForest,0.004,1,clusters,True,knn,0.44328018628130617
47_yeast,9,IForest,0.004,2,clusters,True,knn,0.36862546437014526
47_yeast,500,IForest,0.004,3,clusters,True,knn,0.39316376046499224
47_yeast,500,IForest,0.004,4,clusters,True,knn,0.4152757780977266
47_yeast,499,IForest,0.004,0,clusters,False,knn,0.42750493254412625
47_yeast,499,IForest,0.004,1,clusters,False,knn,0.38704918324179244
47_yeast,499,IForest,0.004,2,clusters,False,knn,0.35322348424252115
47_yeast,498,IForest,0.004,3,clusters,False,knn,0.4005048081195897
47_yeast,498,IForest,0.004,4,clusters,False,knn,0.40681490961446165
47_yeast,6,IForest,0.006,0,random,True,knn,0.4858156028368794
47_yeast,484,IForest,0.006,1,random,True,knn,0.38475621678309246
47_yeast,21,IForest,0.006,2,random,True,knn,0.3257167742050161
47_yeast,500,IForest,0.006,3,random,True,knn,0.3823032759202972
47_yeast,500,IForest,0.006,4,random,True,knn,0.4058550631898896
47_yeast,498,IForest,0.006,0,random,False,knn,0.44245365186014673
47_yeast,499,IForest,0.006,1,random,False,knn,0.39926056275440375
47_yeast,498,IForest,0.006,2,random,False,knn,0.3568851206029257
47_yeast,500,IForest,0.006,3,random,False,knn,0.3937503332800085
47_yeast,500,IForest,0.006,4,random,False,knn,0.40613946213050356
47_yeast,500,IForest,0.006,0,uncertainty,True,knn,0.4366056986437725
47_yeast,259,IForest,0.006,1,uncertainty,True,knn,0.39872731474075257
47_yeast,500,IForest,0.006,2,uncertainty,True,knn,0.34746440569508874
47_yeast,499,IForest,0.006,3,uncertainty,True,knn,0.4035443217974013
47_yeast,391,IForest,0.006,4,uncertainty,True,knn,0.4230967489646101
47_yeast,498,IForest,0.006,0,uncertainty,False,knn,0.42162142946017533
47_yeast,499,IForest,0.006,1,uncertainty,False,knn,0.40501964130183615
47_yeast,500,IForest,0.006,2,uncertainty,False,knn,0.35233473755310263
47_yeast,500,IForest,0.006,3,uncertainty,False,knn,0.3931993103325691
47_yeast,499,IForest,0.006,4,uncertainty,False,knn,0.4117207913400523
47_yeast,499,IForest,0.006,0,anomalous,True,knn,0.4280737304253541
47_yeast,500,IForest,0.006,1,anomalous,True,knn,0.40318882312163384
47_yeast,498,IForest,0.006,2,anomalous,True,knn,0.35281466076538864
47_yeast,500,IForest,0.006,3,anomalous,True,knn,0.4069037842834035
47_yeast,497,IForest,0.006,4,anomalous,True,knn,0.41472475515028706
47_yeast,500,IForest,0.006,0,anomalous,False,knn,0.44103165715707704
47_yeast,497,IForest,0.006,1,anomalous,False,knn,0.3901242467871807
47_yeast,498,IForest,0.006,2,anomalous,False,knn,0.34543806324321435
47_yeast,500,IForest,0.006,3,anomalous,False,knn,0.38548498906841566
47_yeast,499,IForest,0.006,4,anomalous,False,knn,0.41280506230114294
47_yeast,3,IForest,0.006,0,clusters,True,knn,0.44605307595229204
47_yeast,149,IForest,0.006,1,clusters,True,knn,0.4094989246165058
47_yeast,452,IForest,0.006,2,clusters,True,knn,0.35546312589985596
47_yeast,112,IForest,0.006,3,clusters,True,knn,0.3974652944417782
47_yeast,3,IForest,0.006,4,clusters,True,knn,0.4183686165769033
47_yeast,499,IForest,0.006,0,clusters,False,knn,0.44670186103556764
47_yeast,499,IForest,0.006,1,clusters,False,knn,0.39689649656055037
47_yeast,499,IForest,0.006,2,clusters,False,knn,0.3617199025933628
47_yeast,498,IForest,0.006,3,clusters,False,knn,0.3898931726479319
47_yeast,498,IForest,0.006,4,clusters,False,knn,0.41534687783288005
47_yeast,368,IForest,0.008,0,random,True,knn,0.44417782043761883
47_yeast,492,IForest,0.008,1,random,True,knn,0.39758971897829676
47_yeast,34,IForest,0.008,2,random,True,knn,0.31212783732380595
47_yeast,141,IForest,0.008,3,random,True,knn,0.4212659307844078
47_yeast,490,IForest,0.008,4,random,True,knn,0.4097477736895429
47_yeast,498,IForest,0.008,0,random,False,knn,0.4460086386178211
47_yeast,499,IForest,0.008,1,random,False,knn,0.3875291064540784
47_yeast,498,IForest,0.008,2,random,False,knn,0.3348442027053449
47_yeast,499,IForest,0.008,3,random,False,knn,0.3922039140404202
47_yeast,499,IForest,0.008,4,random,False,knn,0.42649176131818906
47_yeast,409,IForest,0.008,0,uncertainty,True,knn,0.41904406406086137
47_yeast,360,IForest,0.008,1,uncertainty,True,knn,0.396647647487513
47_yeast,368,IForest,0.008,2,uncertainty,True,knn,0.3561030235162374
47_yeast,443,IForest,0.008,3,uncertainty,True,knn,0.40086030679535717
47_yeast,500,IForest,0.008,4,uncertainty,True,knn,0.4165555733304893
47_yeast,499,IForest,0.008,0,uncertainty,False,knn,0.4418493041113422
47_yeast,500,IForest,0.008,1,uncertainty,False,knn,0.4150624788922661
47_yeast,500,IForest,0.008,2,uncertainty,False,knn,0.353792282123749
47_yeast,497,IForest,0.008,3,uncertainty,False,knn,0.3885245027462273
47_yeast,499,IForest,0.008,4,uncertainty,False,knn,0.4137826836595033
47_yeast,498,IForest,0.008,0,anomalous,True,knn,0.4289624771147727
47_yeast,500,IForest,0.008,1,anomalous,True,knn,0.39689649656055026
47_yeast,497,IForest,0.008,2,anomalous,True,knn,0.3520325636787003
47_yeast,499,IForest,0.008,3,anomalous,True,knn,0.39865621500559906
47_yeast,499,IForest,0.008,4,anomalous,True,knn,0.41884853978918923
47_yeast,499,IForest,0.008,0,anomalous,False,knn,0.44028510993796544
47_yeast,497,IForest,0.008,1,anomalous,False,knn,0.39627437387795733
47_yeast,497,IForest,0.008,2,anomalous,False,knn,0.3519436890097585
47_yeast,498,IForest,0.008,3,anomalous,False,knn,0.4137293588581382
47_yeast,498,IForest,0.008,4,anomalous,False,knn,0.4227234753550543
47_yeast,500,IForest,0.008,0,clusters,True,knn,0.44120940649496077
47_yeast,137,IForest,0.008,1,clusters,True,knn,0.4051618407721431
47_yeast,452,IForest,0.008,2,clusters,True,knn,0.3465045592705167
47_yeast,113,IForest,0.008,3,clusters,True,knn,0.407881405641764
47_yeast,3,IForest,0.008,4,clusters,True,knn,0.45910876481985097
47_yeast,500,IForest,0.008,0,clusters,False,knn,0.43328178602534706
47_yeast,498,IForest,0.008,1,clusters,False,knn,0.40688600934961516
47_yeast,499,IForest,0.008,2,clusters,False,knn,0.3566718213974653
47_yeast,498,IForest,0.008,3,clusters,False,knn,0.39542117705611546
47_yeast,497,IForest,0.008,4,clusters,False,knn,0.4083435539202616
47_yeast,381,IForest,0.01,0,random,True,knn,0.43651682397483077
47_yeast,495,IForest,0.01,1,random,True,knn,0.40484189196395237
47_yeast,92,IForest,0.01,2,random,True,knn,0.3313425407490357
47_yeast,179,IForest,0.01,3,random,True,knn,0.40809470484722443
47_yeast,492,IForest,0.01,4,random,True,knn,0.4037931708704384
47_yeast,498,IForest,0.01,0,random,False,knn,0.4409605574219235
47_yeast,499,IForest,0.01,1,random,False,knn,0.4118807657441475
47_yeast,498,IForest,0.01,2,random,False,knn,0.34524253897154233
47_yeast,499,IForest,0.01,3,random,False,knn,0.401997902557813
47_yeast,499,IForest,0.01,4,random,False,knn,0.43441938178780287
47_yeast,7,IForest,0.01,0,uncertainty,True,knn,0.4364457242396772
47_yeast,474,IForest,0.01,1,uncertainty,True,knn,0.406210561865657
47_yeast,33,IForest,0.01,2,uncertainty,True,knn,0.34227412502888427
47_yeast,334,IForest,0.01,3,uncertainty,True,knn,0.3937858831475852
47_yeast,500,IForest,0.01,4,uncertainty,True,knn,0.41209406494960804
47_yeast,498,IForest,0.01,0,uncertainty,False,knn,0.43321068629019355
47_yeast,500,IForest,0.01,1,uncertainty,False,knn,0.3933948346042411
47_yeast,499,IForest,0.01,2,uncertainty,False,knn,0.36379956984660233
47_yeast,499,IForest,0.01,3,uncertainty,False,knn,0.385787162942818
47_yeast,499,IForest,0.01,4,uncertainty,False,knn,0.42841145416733317
47_yeast,499,IForest,0.01,0,anomalous,True,knn,0.4423292273236282
47_yeast,497,IForest,0.01,1,anomalous,True,knn,0.39031977105885285
47_yeast,497,IForest,0.01,2,anomalous,True,knn,0.3491530244049841
47_yeast,499,IForest,0.01,3,anomalous,True,knn,0.3903730958602179
47_yeast,499,IForest,0.01,4,anomalous,True,knn,0.4206615830356032
47_yeast,499,IForest,0.01,0,anomalous,False,knn,0.4425247515953003
47_yeast,496,IForest,0.01,1,anomalous,False,knn,0.3963276986793224
47_yeast,497,IForest,0.01,2,anomalous,False,knn,0.36902540038038356
47_yeast,499,IForest,0.01,3,anomalous,False,knn,0.39913613821788513
47_yeast,498,IForest,0.01,4,anomalous,False,knn,0.4106187454451733
47_yeast,476,IForest,0.01,0,clusters,True,knn,0.41907961392843807
47_yeast,142,IForest,0.01,1,clusters,True,knn,0.4205016086315078
47_yeast,454,IForest,0.01,2,clusters,True,knn,0.36189765193124657
47_yeast,133,IForest,0.01,3,clusters,True,knn,0.42901580191613786
47_yeast,25,IForest,0.01,4,clusters,True,knn,0.41268063776462427
47_yeast,499,IForest,0.01,0,clusters,False,knn,0.4493325512362466
47_yeast,498,IForest,0.01,1,clusters,False,knn,0.410849819584422
47_yeast,499,IForest,0.01,2,clusters,False,knn,0.36463499173465574
47_yeast,498,IForest,0.01,3,clusters,False,knn,0.3902664462574877
47_yeast,497,IForest,0.01,4,clusters,False,knn,0.41300058657281496
47_yeast,380,IForest,0.013,0,random,True,knn,0.4330507118860982
47_yeast,469,IForest,0.013,1,random,True,knn,0.38788460512984585
47_yeast,154,IForest,0.013,2,random,True,knn,0.3572228443449048
47_yeast,179,IForest,0.013,3,random,True,knn,0.4104943209086546
47_yeast,492,IForest,0.013,4,random,True,knn,0.412662862830836
47_yeast,497,IForest,0.013,0,random,False,knn,0.43072219555982155
47_yeast,498,IForest,0.013,1,random,False,knn,0.38710250804315754
47_yeast,498,IForest,0.013,2,random,False,knn,0.35421888053467
47_yeast,499,IForest,0.013,3,random,False,knn,0.3979807675216409
47_yeast,499,IForest,0.013,4,random,False,knn,0.42117705611546596
47_yeast,500,IForest,0.013,0,uncertainty,True,knn,0.4309177198314936
47_yeast,39,IForest,0.013,1,uncertainty,True,knn,0.4020156774916014
47_yeast,220,IForest,0.013,2,uncertainty,True,knn,0.3609378055066744
47_yeast,498,IForest,0.013,3,uncertainty,True,knn,0.39835404113119677
47_yeast,380,IForest,0.013,4,uncertainty,True,knn,0.41541797756803356
47_yeast,499,IForest,0.013,0,uncertainty,False,knn,0.44462219378232815
47_yeast,498,IForest,0.013,1,uncertainty,False,knn,0.39984713556942
47_yeast,498,IForest,0.013,2,uncertainty,False,knn,0.36291082315718376
47_yeast,497,IForest,0.013,3,uncertainty,False,knn,0.3937325583462202
47_yeast,495,IForest,0.013,4,uncertainty,False,knn,0.4313620931762029
47_yeast,499,IForest,0.013,0,anomalous,True,knn,0.4370322970546934
47_yeast,496,IForest,0.013,1,anomalous,True,knn,0.39168844096055744
47_yeast,495,IForest,0.013,2,anomalous,True,knn,0.3812723297605717
47_yeast,499,IForest,0.013,3,anomalous,True,knn,0.39545672692369216
47_yeast,498,IForest,0.013,4,anomalous,True,knn,0.40976554862333137
47_yeast,499,IForest,0.013,0,anomalous,False,knn,0.43886311523489574
47_yeast,495,IForest,0.013,1,anomalous,False,knn,0.411756341207629
47_yeast,496,IForest,0.013,2,anomalous,False,knn,0.3456513624486749
47_yeast,498,IForest,0.013,3,anomalous,False,knn,0.4090723262055849
47_yeast,498,IForest,0.013,4,anomalous,False,knn,0.41524022823014983
47_yeast,476,IForest,0.013,0,clusters,True,knn,0.4553938036580813
47_yeast,118,IForest,0.013,1,clusters,True,knn,0.4409783323557119
47_yeast,455,IForest,0.013,2,clusters,True,knn,0.3552676016281839
47_yeast,492,IForest,0.013,3,clusters,True,knn,0.39319931033256894
47_yeast,113,IForest,0.013,4,clusters,True,knn,0.43960966245400734
47_yeast,499,IForest,0.013,0,clusters,False,knn,0.440498409143426
47_yeast,497,IForest,0.013,1,clusters,False,knn,0.38831120354076676
47_yeast,499,IForest,0.013,2,clusters,False,knn,0.3511260420554933
47_yeast,499,IForest,0.013,3,clusters,False,knn,0.39152846655646206
47_yeast,497,IForest,0.013,4,clusters,False,knn,0.40613946213050356
47_yeast,392,IForest,0.02,0,random,True,knn,0.44687961037345136
47_yeast,464,IForest,0.02,1,random,True,knn,0.4034554471284594
47_yeast,210,IForest,0.02,2,random,True,knn,0.3680477790220231
47_yeast,259,IForest,0.02,3,random,True,knn,0.38960877370731795
47_yeast,493,IForest,0.02,4,random,True,knn,0.4127872873673545
47_yeast,497,IForest,0.02,0,random,False,knn,0.4322863897331982
47_yeast,496,IForest,0.02,1,random,False,knn,0.3860893368172203
47_yeast,497,IForest,0.02,2,random,False,knn,0.3549654277537816
47_yeast,498,IForest,0.02,3,random,False,knn,0.3946924047707922
47_yeast,499,IForest,0.02,4,random,False,knn,0.4173198954833892
47_yeast,495,IForest,0.02,0,uncertainty,True,knn,0.42235020174549853
47_yeast,402,IForest,0.02,1,uncertainty,True,knn,0.40912565100695
47_yeast,244,IForest,0.02,2,uncertainty,True,knn,0.3520325636787003
47_yeast,442,IForest,0.02,3,uncertainty,True,knn,0.4048063420963756
47_yeast,500,IForest,0.02,4,uncertainty,True,knn,0.40685045948203846
47_yeast,495,IForest,0.02,0,uncertainty,False,knn,0.4450132423256723
47_yeast,499,IForest,0.02,1,uncertainty,False,knn,0.4001848593113991
47_yeast,496,IForest,0.02,2,uncertainty,False,knn,0.3564229723244281
47_yeast,497,IForest,0.02,3,uncertainty,False,knn,0.3990117136813665
47_yeast,500,IForest,0.02,4,uncertainty,False,knn,0.4166444479994312
47_yeast,498,IForest,0.02,0,anomalous,True,knn,0.43392168364172845
47_yeast,495,IForest,0.02,1,anomalous,True,knn,0.3867825592349668
47_yeast,494,IForest,0.02,2,anomalous,True,knn,0.35114381698928165
47_yeast,8,IForest,0.02,3,anomalous,True,knn,0.38629374855578663
47_yeast,498,IForest,0.02,4,anomalous,True,knn,0.4239677207202403
47_yeast,497,IForest,0.02,0,anomalous,False,knn,0.43050889635436107
47_yeast,496,IForest,0.02,1,anomalous,False,knn,0.3865692600295064
47_yeast,495,IForest,0.02,2,anomalous,False,knn,0.37115839243498816
47_yeast,497,IForest,0.02,3,anomalous,False,knn,0.39191951509980627
47_yeast,497,IForest,0.02,4,anomalous,False,knn,0.4093389502124104
47_yeast,105,IForest,0.02,0,clusters,True,knn,0.5108515970778008
47_yeast,165,IForest,0.02,1,clusters,True,knn,0.4357525018219307
47_yeast,211,IForest,0.02,2,clusters,True,knn,0.4243409943297961
47_yeast,135,IForest,0.02,3,clusters,True,knn,0.4532785865372651
47_yeast,175,IForest,0.02,4,clusters,True,knn,0.4015002044117386
47_yeast,496,IForest,0.02,0,clusters,False,knn,0.42704278426562864
47_yeast,496,IForest,0.02,1,clusters,False,knn,0.38726248244725286
47_yeast,498,IForest,0.02,2,clusters,False,knn,0.3551254021578769
47_yeast,495,IForest,0.02,3,clusters,False,knn,0.381627828436339
47_yeast,496,IForest,0.02,4,clusters,False,knn,0.41429815673936615
47_yeast,405,IForest,0.03,0,random,True,knn,0.4557493023338488
47_yeast,293,IForest,0.03,1,random,True,knn,0.41348050978510104
47_yeast,242,IForest,0.03,2,random,True,knn,0.38109458042268785
47_yeast,233,IForest,0.03,3,random,True,knn,0.4070104338861338
47_yeast,477,IForest,0.03,4,random,True,knn,0.4164666986615474
47_yeast,496,IForest,0.03,0,random,False,knn,0.44405339590110027
47_yeast,495,IForest,0.03,1,random,False,knn,0.4007181073250502
47_yeast,495,IForest,0.03,2,random,False,knn,0.3559963739135072
47_yeast,496,IForest,0.03,3,random,False,knn,0.39065749480083184
47_yeast,497,IForest,0.03,4,random,False,knn,0.4091612008745267
47_yeast,273,IForest,0.03,0,uncertainty,True,knn,0.42956682486357733
47_yeast,240,IForest,0.03,1,uncertainty,True,knn,0.3955456015926341
47_yeast,448,IForest,0.03,2,uncertainty,True,knn,0.3505927940418422
47_yeast,281,IForest,0.03,3,uncertainty,True,knn,0.39849624060150374
47_yeast,351,IForest,0.03,4,uncertainty,True,knn,0.4111519934588243
47_yeast,496,IForest,0.03,0,uncertainty,False,knn,0.43696119731953986
47_yeast,494,IForest,0.03,1,uncertainty,False,knn,0.3979096677864875
47_yeast,495,IForest,0.03,2,uncertainty,False,knn,0.3502195204322864
47_yeast,495,IForest,0.03,3,uncertainty,False,knn,0.3929682361933202
47_yeast,499,IForest,0.03,4,uncertainty,False,knn,0.4021578769619083
47_yeast,7,IForest,0.03,0,anomalous,True,knn,0.37285589861177765
47_yeast,477,IForest,0.03,1,anomalous,True,knn,0.4115785918697452
47_yeast,12,IForest,0.03,2,anomalous,True,knn,0.36172879006025693
47_yeast,8,IForest,0.03,3,anomalous,True,knn,0.3985851152704456
47_yeast,497,IForest,0.03,4,anomalous,True,knn,0.40645941093869425
47_yeast,496,IForest,0.03,0,anomalous,False,knn,0.43415275778097717
47_yeast,494,IForest,0.03,1,anomalous,False,knn,0.39371478341243177
47_yeast,495,IForest,0.03,2,anomalous,False,knn,0.35809381610053503
47_yeast,493,IForest,0.03,3,anomalous,False,knn,0.3914751417550969
47_yeast,495,IForest,0.03,4,anomalous,False,knn,0.40613946213050356
47_yeast,173,IForest,0.03,0,clusters,True,knn,0.4735420110560088
47_yeast,159,IForest,0.03,1,clusters,True,knn,0.4391475141755097
47_yeast,217,IForest,0.03,2,clusters,True,knn,0.39602552480492015
47_yeast,235,IForest,0.03,3,clusters,True,knn,0.42162142946017533
47_yeast,207,IForest,0.03,4,clusters,True,knn,0.4347037807284168
47_yeast,495,IForest,0.03,0,clusters,False,knn,0.42782488135231694
47_yeast,493,IForest,0.03,1,clusters,False,knn,0.390142021720969
47_yeast,497,IForest,0.03,2,clusters,False,knn,0.35308128477221423
47_yeast,495,IForest,0.03,3,clusters,False,knn,0.3927549369878597
47_yeast,495,IForest,0.03,4,clusters,False,knn,0.41703549654277533
47_yeast,264,IForest,0.04,0,random,True,knn,0.46038856005261386
47_yeast,305,IForest,0.04,1,random,True,knn,0.41100979398851734
47_yeast,168,IForest,0.04,2,random,True,knn,0.361488828454114
47_yeast,238,IForest,0.04,3,random,True,knn,0.3987273147407526
47_yeast,428,IForest,0.04,4,random,True,knn,0.4099788478287918
47_yeast,493,IForest,0.04,0,random,False,knn,0.4355925274178354
47_yeast,494,IForest,0.04,1,random,False,knn,0.39822961659467815
47_yeast,493,IForest,0.04,2,random,False,knn,0.3598535345455838
47_yeast,495,IForest,0.04,3,random,False,knn,0.39099521854281094
47_yeast,496,IForest,0.04,4,random,False,knn,0.4086279528608756
47_yeast,90,IForest,0.04,0,uncertainty,True,knn,0.49307666328942923
47_yeast,190,IForest,0.04,1,uncertainty,True,knn,0.4070104338861338
47_yeast,310,IForest,0.04,2,uncertainty,True,knn,0.36555928829165113
47_yeast,156,IForest,0.04,3,uncertainty,True,knn,0.38765353099059696
47_yeast,366,IForest,0.04,4,uncertainty,True,knn,0.42894470218098435
47_yeast,494,IForest,0.04,0,uncertainty,False,knn,0.44184930411134216
47_yeast,497,IForest,0.04,1,uncertainty,False,knn,0.38683588403633196
47_yeast,492,IForest,0.04,2,uncertainty,False,knn,0.36108000497698145
47_yeast,494,IForest,0.04,3,uncertainty,False,knn,0.4015179793455269
47_yeast,496,IForest,0.04,4,uncertainty,False,knn,0.4120407401482429
47_yeast,7,IForest,0.04,0,anomalous,True,knn,0.39188396523222957
47_yeast,193,IForest,0.04,1,anomalous,True,knn,0.40962334915302434
47_yeast,492,IForest,0.04,2,anomalous,True,knn,0.34950852308075153
47_yeast,365,IForest,0.04,3,anomalous,True,knn,0.3991183632840967
47_yeast,69,IForest,0.04,4,anomalous,True,knn,0.43203754066016103
47_yeast,493,IForest,0.04,0,anomalous,False,knn,0.4539184841536465
47_yeast,493,IForest,0.04,1,anomalous,False,knn,0.4008247569277804
47_yeast,492,IForest,0.04,2,anomalous,False,knn,0.3639950941182744
47_yeast,492,IForest,0.04,3,anomalous,False,knn,0.3876179811230203
47_yeast,493,IForest,0.04,4,anomalous,False,knn,0.4051440658383547
47_yeast,256,IForest,0.04,0,clusters,True,knn,0.4424181019925701
47_yeast,263,IForest,0.04,1,clusters,True,knn,0.4052151655735082
47_yeast,233,IForest,0.04,2,clusters,True,knn,0.37199381432304157
47_yeast,363,IForest,0.04,3,clusters,True,knn,0.39780301818375724
47_yeast,155,IForest,0.04,4,clusters,True,knn,0.4412449563625375
47_yeast,494,IForest,0.04,0,clusters,False,knn,0.436534598908619
47_yeast,493,IForest,0.04,1,clusters,False,knn,0.40468191755985705
47_yeast,496,IForest,0.04,2,clusters,False,knn,0.3529568602356956
47_yeast,495,IForest,0.04,3,clusters,False,knn,0.4007181073250502
47_yeast,493,IForest,0.04,4,clusters,False,knn,0.4128761620362964
47_yeast,263,IForest,0.06,0,random,True,knn,0.45048792193249076
47_yeast,245,IForest,0.06,1,random,True,knn,0.43388613377415164
47_yeast,116,IForest,0.06,2,random,True,knn,0.36826107822748355
47_yeast,253,IForest,0.06,3,random,True,knn,0.3985495654028689
47_yeast,442,IForest,0.06,4,random,True,knn,0.4232211735011287
47_yeast,489,IForest,0.06,0,random,False,knn,0.44286247533727935
47_yeast,489,IForest,0.06,1,random,False,knn,0.4142803818055777
47_yeast,488,IForest,0.06,2,random,False,knn,0.360102383618621
47_yeast,491,IForest,0.06,3,random,False,knn,0.40916120087452673
47_yeast,494,IForest,0.06,4,random,False,knn,0.41138306759807314
47_yeast,446,IForest,0.06,0,uncertainty,True,knn,0.42784265628610524
47_yeast,257,IForest,0.06,1,uncertainty,True,knn,0.38264099966227627
47_yeast,351,IForest,0.06,2,uncertainty,True,knn,0.3592491867967792
47_yeast,356,IForest,0.06,3,uncertainty,True,knn,0.38495174105476454
47_yeast,300,IForest,0.06,4,uncertainty,True,knn,0.42791375602125886
47_yeast,491,IForest,0.06,0,uncertainty,False,knn,0.42147922998986825
47_yeast,494,IForest,0.06,1,uncertainty,False,knn,0.3999182353045735
47_yeast,489,IForest,0.06,2,uncertainty,False,knn,0.36134662898380704
47_yeast,485,IForest,0.06,3,uncertainty,False,knn,0.3927371620540713
47_yeast,496,IForest,0.06,4,uncertainty,False,knn,0.4176931690929451
47_yeast,10,IForest,0.06,0,anomalous,True,knn,0.41756874455642645
47_yeast,81,IForest,0.06,1,anomalous,True,knn,0.39531452745338524
47_yeast,235,IForest,0.06,2,anomalous,True,knn,0.35807604116674663
47_yeast,370,IForest,0.06,3,anomalous,True,knn,0.3826943244636414
47_yeast,271,IForest,0.06,4,anomalous,True,knn,0.4240743703229706
47_yeast,490,IForest,0.06,0,anomalous,False,knn,0.41691107200625677
47_yeast,490,IForest,0.06,1,anomalous,False,knn,0.39508345331413636
47_yeast,488,IForest,0.06,2,anomalous,False,knn,0.36346184610462323
47_yeast,488,IForest,0.06,3,anomalous,False,knn,0.40725928295917097
47_yeast,490,IForest,0.06,4,anomalous,False,knn,0.4178886933646172
47_yeast,322,IForest,0.06,0,clusters,True,knn,0.45729572157343706
47_yeast,275,IForest,0.06,1,clusters,True,knn,0.41835084164311487
47_yeast,292,IForest,0.06,2,clusters,True,knn,0.3682077534261185
47_yeast,362,IForest,0.06,3,clusters,True,knn,0.3983895909987735
47_yeast,243,IForest,0.06,4,clusters,True,knn,0.422421301480652
47_yeast,494,IForest,0.06,0,clusters,False,knn,0.44046285927584916
47_yeast,492,IForest,0.06,1,clusters,False,knn,0.40393537034074545
47_yeast,494,IForest,0.06,2,clusters,False,knn,0.34817540304662364
47_yeast,492,IForest,0.06,3,clusters,False,knn,0.402335626299792
47_yeast,489,IForest,0.06,4,clusters,False,knn,0.42883805257825414
47_yeast,279,IForest,0.08,0,random,True,knn,0.4635702732007323
47_yeast,265,IForest,0.08,1,random,True,knn,0.44240032705878174
47_yeast,238,IForest,0.08,2,random,True,knn,0.398602890204234
47_yeast,286,IForest,0.08,3,random,True,knn,0.4034021223270943
47_yeast,447,IForest,0.08,4,random,True,knn,0.40850352832435693
47_yeast,486,IForest,0.08,0,random,False,knn,0.45350966067651394
47_yeast,486,IForest,0.08,1,random,False,knn,0.38754688138786686
47_yeast,487,IForest,0.08,2,random,False,knn,0.35743614355036524
47_yeast,485,IForest,0.08,3,random,False,knn,0.3852894647967436
47_yeast,493,IForest,0.08,4,random,False,knn,0.427878206153682
47_yeast,403,IForest,0.08,0,uncertainty,True,knn,0.425869638635596
47_yeast,247,IForest,0.08,1,uncertainty,True,knn,0.3929504612595318
47_yeast,418,IForest,0.08,2,uncertainty,True,knn,0.3728825610124602
47_yeast,323,IForest,0.08,3,uncertainty,True,knn,0.4005048081195897
47_yeast,308,IForest,0.08,4,uncertainty,True,knn,0.4257985389004426
47_yeast,488,IForest,0.08,0,uncertainty,False,knn,0.42531861568815654
47_yeast,489,IForest,0.08,1,uncertainty,False,knn,0.40137577987521994
47_yeast,487,IForest,0.08,2,uncertainty,False,knn,0.37592207469027183
47_yeast,486,IForest,0.08,3,uncertainty,False,knn,0.4053040402424501
47_yeast,486,IForest,0.08,4,uncertainty,False,knn,0.42526529088679144
47_yeast,226,IForest,0.08,0,anomalous,True,knn,0.44542206580280486
47_yeast,185,IForest,0.08,1,anomalous,True,knn,0.40848575339056864
47_yeast,349,IForest,0.08,2,anomalous,True,knn,0.36102668017561634
47_yeast,406,IForest,0.08,3,anomalous,True,knn,0.40405979487726407
47_yeast,386,IForest,0.08,4,anomalous,True,knn,0.42155032972502177
47_yeast,486,IForest,0.08,0,anomalous,False,knn,0.43646349917346555
47_yeast,489,IForest,0.08,1,anomalous,False,knn,0.38788460512984585
47_yeast,485,IForest,0.08,2,anomalous,False,knn,0.35729394408005827
47_yeast,482,IForest,0.08,3,anomalous,False,knn,0.39408805702198757
47_yeast,486,IForest,0.08,4,anomalous,False,knn,0.4084679784567803
47_yeast,315,IForest,0.08,0,clusters,True,knn,0.44812385573863733
47_yeast,273,IForest,0.08,1,clusters,True,knn,0.4455820402069003
47_yeast,249,IForest,0.08,2,clusters,True,knn,0.3863381858902576
47_yeast,319,IForest,0.08,3,clusters,True,knn,0.42290122469293795
47_yeast,244,IForest,0.08,4,clusters,True,knn,0.4293002008567518
47_yeast,490,IForest,0.08,0,clusters,False,knn,0.42819815496187275
47_yeast,488,IForest,0.08,1,clusters,False,knn,0.39369700847864336
47_yeast,487,IForest,0.08,2,clusters,False,knn,0.3520325636787003
47_yeast,487,IForest,0.08,3,clusters,False,knn,0.39675429709024335
47_yeast,483,IForest,0.08,4,clusters,False,knn,0.4239143959188752
47_yeast,281,IForest,0.1,0,random,True,knn,0.476421550329725
47_yeast,283,IForest,0.1,1,random,True,knn,0.446435237028742
47_yeast,270,IForest,0.1,2,random,True,knn,0.3795837110506763
47_yeast,327,IForest,0.1,3,random,True,knn,0.4116496916048987
47_yeast,432,IForest,0.1,4,random,True,knn,0.41095646918715223
47_yeast,484,IForest,0.1,0,random,False,knn,0.4320197657263727
47_yeast,485,IForest,0.1,1,random,False,knn,0.41031657157077084
47_yeast,483,IForest,0.1,2,random,False,knn,0.33580404912991696
47_yeast,484,IForest,0.1,3,random,False,knn,0.39718089550116426
47_yeast,490,IForest,0.1,4,random,False,knn,0.41525800316393824
47_yeast,440,IForest,0.1,0,uncertainty,True,knn,0.44910147709699777
47_yeast,397,IForest,0.1,1,uncertainty,True,knn,0.4008958566629339
47_yeast,339,IForest,0.1,2,uncertainty,True,knn,0.3629108231571837
47_yeast,329,IForest,0.1,3,uncertainty,True,knn,0.3896798734424714
47_yeast,292,IForest,0.1,4,uncertainty,True,knn,0.44330684868198866
47_yeast,481,IForest,0.1,0,uncertainty,False,knn,0.44256030146287706
47_yeast,490,IForest,0.1,1,uncertainty,False,knn,0.4072948328267477
47_yeast,483,IForest,0.1,2,uncertainty,False,knn,0.36465276666844415
47_yeast,480,IForest,0.1,3,uncertainty,False,knn,0.39465685490321545
47_yeast,488,IForest,0.1,4,uncertainty,False,knn,0.41813754243765444
47_yeast,442,IForest,0.1,0,anomalous,True,knn,0.43116656890453087
47_yeast,307,IForest,0.1,1,anomalous,True,knn,0.4018379281537176
47_yeast,381,IForest,0.1,2,anomalous,True,knn,0.35510762722408856
47_yeast,78,IForest,0.1,3,anomalous,True,knn,0.3891288504950319
47_yeast,429,IForest,0.1,4,anomalous,True,knn,0.4278426562861053
47_yeast,483,IForest,0.1,0,anomalous,False,knn,0.43740557066424923
47_yeast,485,IForest,0.1,1,anomalous,False,knn,0.407117083488864
47_yeast,481,IForest,0.1,2,anomalous,False,knn,0.35692067047050247
47_yeast,479,IForest,0.1,3,anomalous,False,knn,0.3897154233100482
47_yeast,487,IForest,0.1,4,anomalous,False,knn,0.4248920172772357
47_yeast,326,IForest,0.1,0,clusters,True,knn,0.45772231998435803
47_yeast,288,IForest,0.1,1,clusters,True,knn,0.4341705327147656
47_yeast,280,IForest,0.1,2,clusters,True,knn,0.38521836506159013
47_yeast,286,IForest,0.1,3,clusters,True,knn,0.4117918910752057
47_yeast,301,IForest,0.1,4,clusters,True,knn,0.41191631561172437
47_yeast,487,IForest,0.1,0,clusters,False,knn,0.4486393288185001
47_yeast,485,IForest,0.1,1,clusters,False,knn,0.39072859453598535
47_yeast,481,IForest,0.1,2,clusters,False,knn,0.3612577543148652
47_yeast,481,IForest,0.1,3,clusters,False,knn,0.40542846477896866
47_yeast,482,IForest,0.1,4,clusters,False,knn,0.404201994347571
47_yeast,306,IForest,0.15,0,random,True,knn,0.4627704011802556
47_yeast,355,IForest,0.15,1,random,True,knn,0.4105476457100198
47_yeast,297,IForest,0.15,2,random,True,knn,0.3798147851899251
47_yeast,363,IForest,0.15,3,random,True,knn,0.3997582609004781
47_yeast,377,IForest,0.15,4,random,True,knn,0.42323894843491705
47_yeast,479,IForest,0.15,0,random,False,knn,0.45411400842531857
47_yeast,478,IForest,0.15,1,random,False,knn,0.39956273662880604
47_yeast,474,IForest,0.15,2,random,False,knn,0.343073997049361
47_yeast,474,IForest,0.15,3,random,False,knn,0.39632769867932244
47_yeast,483,IForest,0.15,4,random,False,knn,0.41765761922536837
47_yeast,397,IForest,0.15,0,uncertainty,True,knn,0.42986899873797974
47_yeast,355,IForest,0.15,1,uncertainty,True,knn,0.3908530190725039
47_yeast,428,IForest,0.15,2,uncertainty,True,knn,0.3544855045414955
47_yeast,343,IForest,0.15,3,uncertainty,True,knn,0.3993138875557688
47_yeast,144,IForest,0.15,4,uncertainty,True,knn,0.4207504577045451
47_yeast,478,IForest,0.15,0,uncertainty,False,knn,0.4223324268117101
47_yeast,478,IForest,0.15,1,uncertainty,False,knn,0.4109742441209406
47_yeast,473,IForest,0.15,2,uncertainty,False,knn,0.35027284523365154
47_yeast,474,IForest,0.15,3,uncertainty,False,knn,0.3878135053946924
47_yeast,478,IForest,0.15,4,uncertainty,False,knn,0.4223679766792868
47_yeast,435,IForest,0.15,0,anomalous,True,knn,0.4498124744485328
47_yeast,428,IForest,0.15,1,anomalous,True,knn,0.39755416911072
47_yeast,373,IForest,0.15,2,anomalous,True,knn,0.3508594180486677
47_yeast,306,IForest,0.15,3,anomalous,True,knn,0.3961321744076503
47_yeast,381,IForest,0.15,4,anomalous,True,knn,0.4262606871789403
47_yeast,474,IForest,0.15,0,anomalous,False,knn,0.4528519881263442
47_yeast,479,IForest,0.15,1,anomalous,False,knn,0.40404201994347566
47_yeast,473,IForest,0.15,2,anomalous,False,knn,0.3462734851312679
47_yeast,472,IForest,0.15,3,anomalous,False,knn,0.4030110737837501
47_yeast,479,IForest,0.15,4,anomalous,False,knn,0.41541797756803356
47_yeast,306,IForest,0.15,0,clusters,True,knn,0.46268152651131367
47_yeast,326,IForest,0.15,1,clusters,True,knn,0.40041593345064785
47_yeast,296,IForest,0.15,2,clusters,True,knn,0.36966529799676495
47_yeast,279,IForest,0.15,3,clusters,True,knn,0.4127161876322011
47_yeast,410,IForest,0.15,4,clusters,True,knn,0.4129472617714499
47_yeast,476,IForest,0.15,0,clusters,False,knn,0.4474484082546793
47_yeast,475,IForest,0.15,1,clusters,False,knn,0.41111644359124755
47_yeast,475,IForest,0.15,2,clusters,False,knn,0.3571339696759629
47_yeast,473,IForest,0.15,3,clusters,False,knn,0.3901775715885459
47_yeast,481,IForest,0.15,4,clusters,False,knn,0.41963063687587765
47_yeast,321,IForest,0.2,0,random,True,knn,0.44817718054000244
47_yeast,341,IForest,0.2,1,random,True,knn,0.40372207113528497
47_yeast,351,IForest,0.2,2,random,True,knn,0.3798858849250787
47_yeast,374,IForest,0.2,3,random,True,knn,0.402957748982385
47_yeast,417,IForest,0.2,4,random,True,knn,0.42613626264242166
47_yeast,472,IForest,0.2,0,random,False,knn,0.41335608524858236
47_yeast,471,IForest,0.2,1,random,False,knn,0.3879201549974226
47_yeast,466,IForest,0.2,2,random,False,knn,0.36388844451554414
47_yeast,467,IForest,0.2,3,random,False,knn,0.38896887609093656
47_yeast,478,IForest,0.2,4,random,False,knn,0.4177642688280986
47_yeast,355,IForest,0.2,0,uncertainty,True,knn,0.4430046748075863
47_yeast,365,IForest,0.2,1,uncertainty,True,knn,0.3941769316909295
47_yeast,427,IForest,0.2,2,uncertainty,True,knn,0.3615066033879024
47_yeast,385,IForest,0.2,3,uncertainty,True,knn,0.40102028119945254
47_yeast,345,IForest,0.2,4,uncertainty,True,knn,0.4282337048294495
47_yeast,470,IForest,0.2,0,uncertainty,False,knn,0.4294601752608471
47_yeast,471,IForest,0.2,1,uncertainty,False,knn,0.40039815851685945
47_yeast,460,IForest,0.2,2,uncertainty,False,knn,0.35932028653193265
47_yeast,469,IForest,0.2,3,uncertainty,False,knn,0.40564176398442914
47_yeast,475,IForest,0.2,4,uncertainty,False,knn,0.4144759060772498
47_yeast,420,IForest,0.2,0,anomalous,True,knn,0.42768268188201
47_yeast,382,IForest,0.2,1,anomalous,True,knn,0.41100979398851734
47_yeast,416,IForest,0.2,2,anomalous,True,knn,0.3551431770916653
47_yeast,341,IForest,0.2,3,anomalous,True,knn,0.4077036563038803
47_yeast,236,IForest,0.2,4,anomalous,True,knn,0.42498089194617744
47_yeast,470,IForest,0.2,0,anomalous,False,knn,0.42352334737553105
47_yeast,472,IForest,0.2,1,anomalous,False,knn,0.3986028902042339
47_yeast,463,IForest,0.2,2,anomalous,False,knn,0.3665369096500115
47_yeast,464,IForest,0.2,3,anomalous,False,knn,0.3890044259585133
47_yeast,471,IForest,0.2,4,anomalous,False,knn,0.4230078742956682
47_yeast,291,IForest,0.2,0,clusters,True,knn,0.4603352352512487
47_yeast,320,IForest,0.2,1,clusters,True,knn,0.4049485415666826
47_yeast,364,IForest,0.2,2,clusters,True,knn,0.3463623598002097
47_yeast,297,IForest,0.2,3,clusters,True,knn,0.39883396434348284
47_yeast,349,IForest,0.2,4,clusters,True,knn,0.4363212997031586
47_yeast,467,IForest,0.2,0,clusters,False,knn,0.43742334559803764
47_yeast,467,IForest,0.2,1,clusters,False,knn,0.39806964219058283
47_yeast,462,IForest,0.2,2,clusters,False,knn,0.3723493129988091
47_yeast,467,IForest,0.2,3,clusters,False,knn,0.3975897189782968
47_yeast,470,IForest,0.2,4,clusters,False,knn,0.4155601770383405
47_yeast,332,IForest,0.3,0,random,True,knn,0.4692760269467996
47_yeast,333,IForest,0.3,1,random,True,knn,0.41838639151069157
47_yeast,343,IForest,0.3,2,random,True,knn,0.37051849481860677
47_yeast,351,IForest,0.3,3,random,True,knn,0.40766810643630347
47_yeast,312,IForest,0.3,4,random,True,knn,0.42745160774276114
47_yeast,457,IForest,0.3,0,random,False,knn,0.4480172061359071
47_yeast,452,IForest,0.3,1,random,False,knn,0.3951545530492898
47_yeast,449,IForest,0.3,2,random,False,knn,0.367372331538065
47_yeast,446,IForest,0.3,3,random,False,knn,0.3856627384062994
47_yeast,457,IForest,0.3,4,random,False,knn,0.42796708082262397
47_yeast,309,IForest,0.3,0,uncertainty,True,knn,0.4505590216676442
47_yeast,219,IForest,0.3,1,uncertainty,True,knn,0.4192218133987451
47_yeast,273,IForest,0.3,2,uncertainty,True,knn,0.3768463712472671
47_yeast,354,IForest,0.3,3,uncertainty,True,knn,0.396452123215841
47_yeast,197,IForest,0.3,4,uncertainty,True,knn,0.4512522440853908
47_yeast,455,IForest,0.3,0,uncertainty,False,knn,0.4225279510833822
47_yeast,454,IForest,0.3,1,uncertainty,False,knn,0.421994703069731
47_yeast,446,IForest,0.3,2,uncertainty,False,knn,0.35999573401589074
47_yeast,452,IForest,0.3,3,uncertainty,False,knn,0.3884000782097087
47_yeast,455,IForest,0.3,4,uncertainty,False,knn,0.42357667217689615
47_yeast,408,IForest,0.3,0,anomalous,True,knn,0.4373166959953074
47_yeast,401,IForest,0.3,1,anomalous,True,knn,0.4091967507421035
47_yeast,422,IForest,0.3,2,anomalous,True,knn,0.35976465987664197
47_yeast,380,IForest,0.3,3,anomalous,True,knn,0.3950834533141363
47_yeast,383,IForest,0.3,4,anomalous,True,knn,0.4114363923994383
47_yeast,458,IForest,0.3,0,anomalous,False,knn,0.433850583906575
47_yeast,457,IForest,0.3,1,anomalous,False,knn,0.408503528324357
47_yeast,450,IForest,0.3,2,anomalous,False,knn,0.356369647523063
47_yeast,455,IForest,0.3,3,anomalous,False,knn,0.3917950905632876
47_yeast,461,IForest,0.3,4,anomalous,False,knn,0.4152757780977266
47_yeast,282,IForest,0.3,0,clusters,True,knn,0.44632858742601184
47_yeast,334,IForest,0.3,1,clusters,True,knn,0.4128406121687196
47_yeast,298,IForest,0.3,2,clusters,True,knn,0.3831742476759274
47_yeast,296,IForest,0.3,3,clusters,True,knn,0.4154179775680335
47_yeast,338,IForest,0.3,4,clusters,True,knn,0.4313976430437796
47_yeast,451,IForest,0.3,0,clusters,False,knn,0.4394674629837003
47_yeast,459,IForest,0.3,1,clusters,False,knn,0.4128939369700847
47_yeast,441,IForest,0.3,2,clusters,False,knn,0.36314189729643254
47_yeast,450,IForest,0.3,3,clusters,False,knn,0.4171421461455056
47_yeast,456,IForest,0.3,4,clusters,False,knn,0.3952256527844433
47_yeast,338,IForest,0.45,0,random,True,knn,0.44837270481167457
47_yeast,330,IForest,0.45,1,random,True,knn,0.41979061127997297
47_yeast,352,IForest,0.45,2,random,True,knn,0.3998826854369967
47_yeast,347,IForest,0.45,3,random,True,knn,0.39977603583426646
47_yeast,325,IForest,0.45,4,random,True,knn,0.4461508380881281
47_yeast,431,IForest,0.45,0,random,False,knn,0.4557848522014255
47_yeast,429,IForest,0.45,1,random,False,knn,0.3983007163298316
47_yeast,424,IForest,0.45,2,random,False,knn,0.36532821415240224
47_yeast,419,IForest,0.45,3,random,False,knn,0.3949945786451946
47_yeast,430,IForest,0.45,4,random,False,knn,0.412236264419915
47_yeast,309,IForest,0.45,0,uncertainty,True,knn,0.4815940560621411
47_yeast,271,IForest,0.45,1,uncertainty,True,knn,0.41115199345882436
47_yeast,315,IForest,0.45,2,uncertainty,True,knn,0.3782683659503369
47_yeast,326,IForest,0.45,3,uncertainty,True,knn,0.40953447448408253
47_yeast,286,IForest,0.45,4,uncertainty,True,knn,0.43466823086084005
47_yeast,430,IForest,0.45,0,uncertainty,False,knn,0.46221937823281606
47_yeast,423,IForest,0.45,1,uncertainty,False,knn,0.3969675962957038
47_yeast,420,IForest,0.45,2,uncertainty,False,knn,0.34957962281590504
47_yeast,425,IForest,0.45,3,uncertainty,False,knn,0.4052329405072966
47_yeast,422,IForest,0.45,4,uncertainty,False,knn,0.4114008425318615
47_yeast,343,IForest,0.45,0,anomalous,True,knn,0.45525160418777433
47_yeast,431,IForest,0.45,1,anomalous,True,knn,0.3862315362875274
47_yeast,385,IForest,0.45,2,anomalous,True,knn,0.36836772783021376
47_yeast,373,IForest,0.45,3,anomalous,True,knn,0.3964165733482643
47_yeast,325,IForest,0.45,4,anomalous,True,knn,0.4301178478110169
47_yeast,441,IForest,0.45,0,anomalous,False,knn,0.43026004728132383
47_yeast,434,IForest,0.45,1,anomalous,False,knn,0.39264828738512947
47_yeast,432,IForest,0.45,2,anomalous,False,knn,0.3540944559981514
47_yeast,438,IForest,0.45,3,anomalous,False,knn,0.39753639417693165
47_yeast,441,IForest,0.45,4,anomalous,False,knn,0.42187027853321246
47_yeast,308,IForest,0.45,0,clusters,True,knn,0.4612239819406672
47_yeast,318,IForest,0.45,1,clusters,True,knn,0.42190582840078916
47_yeast,348,IForest,0.45,2,clusters,True,knn,0.3602090332213512
47_yeast,313,IForest,0.45,3,clusters,True,knn,0.42131925558577293
47_yeast,322,IForest,0.45,4,clusters,True,knn,0.4472528839830071
47_yeast,427,IForest,0.45,0,clusters,False,knn,0.42419879485948914
47_yeast,431,IForest,0.45,1,clusters,False,knn,0.4059083879912547
47_yeast,429,IForest,0.45,2,clusters,False,knn,0.3486197763913329
47_yeast,419,IForest,0.45,3,clusters,False,knn,0.3965587728185712
47_yeast,433,IForest,0.45,4,clusters,False,knn,0.4028866492472316
47_yeast,330,IForest,0.7,0,random,True,knn,0.4535274356103023
47_yeast,321,IForest,0.7,1,random,True,knn,0.41865301551751716
47_yeast,357,IForest,0.7,2,random,True,knn,0.37227821326365557
47_yeast,347,IForest,0.7,3,random,True,knn,0.40464636769228035
47_yeast,324,IForest,0.7,4,random,True,knn,0.4387031408308004
47_yeast,383,IForest,0.7,0,random,False,knn,0.43904086457277947
47_yeast,384,IForest,0.7,1,random,False,knn,0.4077036563038803
47_yeast,379,IForest,0.7,2,random,False,knn,0.35912476226026063
47_yeast,382,IForest,0.7,3,random,False,knn,0.42435876926358446
47_yeast,386,IForest,0.7,4,random,False,knn,0.4109564691871522
47_yeast,309,IForest,0.7,0,uncertainty,True,knn,0.46502781777137886
47_yeast,323,IForest,0.7,1,uncertainty,True,knn,0.41332053538100566
47_yeast,314,IForest,0.7,2,uncertainty,True,knn,0.39618549920901547
47_yeast,325,IForest,0.7,3,uncertainty,True,knn,0.40327769779057565
47_yeast,304,IForest,0.7,4,uncertainty,True,knn,0.4393963632485469
47_yeast,382,IForest,0.7,0,uncertainty,False,knn,0.47258216463143676
47_yeast,382,IForest,0.7,1,uncertainty,False,knn,0.3949412538438294
47_yeast,375,IForest,0.7,2,uncertainty,False,knn,0.3738424074370323
47_yeast,380,IForest,0.7,3,uncertainty,False,knn,0.4120051902806662
47_yeast,392,IForest,0.7,4,uncertainty,False,knn,0.4203416342274125
47_yeast,313,IForest,0.7,0,anomalous,True,knn,0.4522120905099628
47_yeast,335,IForest,0.7,1,anomalous,True,knn,0.3963454736131108
47_yeast,347,IForest,0.7,2,anomalous,True,knn,0.39474572957215737
47_yeast,315,IForest,0.7,3,anomalous,True,knn,0.4034376721946711
47_yeast,312,IForest,0.7,4,anomalous,True,knn,0.44520876659734443
47_yeast,399,IForest,0.7,0,anomalous,False,knn,0.45263868892088377
47_yeast,398,IForest,0.7,1,anomalous,False,knn,0.39462130503563875
47_yeast,392,IForest,0.7,2,anomalous,False,knn,0.36490161574148133
47_yeast,397,IForest,0.7,3,anomalous,False,knn,0.41733767041717773
47_yeast,399,IForest,0.7,4,anomalous,False,knn,0.41527577809772653
47_yeast,326,IForest,0.7,0,clusters,True,knn,0.44456886898096304
47_yeast,296,IForest,0.7,1,clusters,True,knn,0.39814074192573634
47_yeast,353,IForest,0.7,2,clusters,True,knn,0.37883716383156474
47_yeast,352,IForest,0.7,3,clusters,True,knn,0.3992427878206153
47_yeast,315,IForest,0.7,4,clusters,True,knn,0.44753728292362116
47_yeast,386,IForest,0.7,0,clusters,False,knn,0.4697559501590856
47_yeast,381,IForest,0.7,1,clusters,False,knn,0.4165022485291242
47_yeast,384,IForest,0.7,2,clusters,False,knn,0.35574752484047
47_yeast,385,IForest,0.7,3,clusters,False,knn,0.41166746653868713
47_yeast,387,IForest,0.7,4,clusters,False,knn,0.40500186636804775
47_yeast,318,IForest,1.0,0,random,True,knn,0.4814163067242574
47_yeast,323,IForest,1.0,1,random,True,knn,0.42851810377006344
47_yeast,352,IForest,1.0,2,random,True,knn,0.37210046392577184
47_yeast,330,IForest,1.0,3,random,True,knn,0.41465365541513355
47_yeast,311,IForest,1.0,4,random,True,knn,0.44485326792157703
47_yeast,329,IForest,1.0,0,random,False,knn,0.4698270498942391
47_yeast,329,IForest,1.0,1,random,False,knn,0.4021934268294851
47_yeast,329,IForest,1.0,2,random,False,knn,0.3775929184663787
47_yeast,329,IForest,1.0,3,random,False,knn,0.4036687463339199
47_yeast,329,IForest,1.0,4,random,False,knn,0.4279670808226239
47_yeast,318,IForest,1.0,0,uncertainty,True,knn,0.4506656712703746
47_yeast,323,IForest,1.0,1,uncertainty,True,knn,0.439929611262198
47_yeast,352,IForest,1.0,2,uncertainty,True,knn,0.3722782132636556
47_yeast,330,IForest,1.0,3,uncertainty,True,knn,0.42245685134822863
47_yeast,311,IForest,1.0,4,uncertainty,True,knn,0.4585577418724115
47_yeast,329,IForest,1.0,0,uncertainty,False,knn,0.46111733233793706
47_yeast,329,IForest,1.0,1,uncertainty,False,knn,0.4255496898274054
47_yeast,329,IForest,1.0,2,uncertainty,False,knn,0.36872322650598127
47_yeast,329,IForest,1.0,3,uncertainty,False,knn,0.40128690520627813
47_yeast,329,IForest,1.0,4,uncertainty,False,knn,0.4226879254874775
47_yeast,318,IForest,1.0,0,anomalous,True,knn,0.45212321584102094
47_yeast,323,IForest,1.0,1,anomalous,True,knn,0.4130716863079685
47_yeast,352,IForest,1.0,2,anomalous,True,knn,0.3818055777742228
47_yeast,330,IForest,1.0,3,anomalous,True,knn,0.407881405641764
47_yeast,311,IForest,1.0,4,anomalous,True,knn,0.4387031408308004
47_yeast,329,IForest,1.0,0,anomalous,False,knn,0.4605840843242859
47_yeast,329,IForest,1.0,1,anomalous,False,knn,0.39958051156259444
47_yeast,329,IForest,1.0,2,anomalous,False,knn,0.3807924065482856
47_yeast,329,IForest,1.0,3,anomalous,False,knn,0.3977674683161805
47_yeast,329,IForest,1.0,4,anomalous,False,knn,0.4355569775502587
47_yeast,318,IForest,1.0,0,clusters,True,knn,0.45391848415364655
47_yeast,323,IForest,1.0,1,clusters,True,knn,0.4280559554915658
47_yeast,352,IForest,1.0,2,clusters,True,knn,0.38493396612097613
47_yeast,330,IForest,1.0,3,clusters,True,knn,0.4158801258465312
47_yeast,311,IForest,1.0,4,clusters,True,knn,0.42357667217689615
47_yeast,329,IForest,1.0,0,clusters,False,knn,0.45889546561439054
47_yeast,329,IForest,1.0,1,clusters,False,knn,0.4201105600881636
47_yeast,329,IForest,1.0,2,clusters,False,knn,0.3922216889742086
47_yeast,329,IForest,1.0,3,clusters,False,knn,0.4023178513660037
47_yeast,329,IForest,1.0,4,clusters,False,knn,0.4192751382001102
