dataset,num_samples,model,fraction,rep,query_strategy,propagation,roc_auc
12_fault,500,IForest,0.0,0,random,True,0.6170299269943964
12_fault,500,IForest,0.0,1,random,True,0.5860834919963331
12_fault,500,IForest,0.0,2,random,True,0.5114811475844514
12_fault,500,IForest,0.0,3,random,True,0.6490427957787559
12_fault,500,IForest,0.0,4,random,True,0.5704159374944759
12_fault,500,IForest,0.0,0,random,False,0.5989111028618903
12_fault,500,IForest,0.0,1,random,False,0.6000810944221141
12_fault,500,IForest,0.0,2,random,False,0.5198953527425713
12_fault,500,IForest,0.0,3,random,False,0.6321967085609236
12_fault,500,IForest,0.0,4,random,False,0.5734386876668258
12_fault,500,IForest,0.0,0,uncertainty,True,0.6251259479238478
12_fault,500,IForest,0.0,1,uncertainty,True,0.5793667583386221
12_fault,500,IForest,0.0,2,uncertainty,True,0.5227059800958088
12_fault,500,IForest,0.0,3,uncertainty,True,0.6031005285393576
12_fault,500,IForest,0.0,4,uncertainty,True,0.5737391949939015
12_fault,500,IForest,0.0,0,uncertainty,False,0.597567658340846
12_fault,500,IForest,0.0,1,uncertainty,False,0.5870002115506664
12_fault,500,IForest,0.0,2,uncertainty,False,0.501334606070248
12_fault,500,IForest,0.0,3,uncertainty,False,0.6060525711053366
12_fault,500,IForest,0.0,4,uncertainty,False,0.5799791412561206
12_fault,500,IForest,0.0,0,anomalous,True,0.5832316911491753
12_fault,500,IForest,0.0,1,anomalous,True,0.5815704111134616
12_fault,500,IForest,0.0,2,anomalous,True,0.5072210143006134
12_fault,500,IForest,0.0,3,anomalous,True,0.6082621838044229
12_fault,500,IForest,0.0,4,anomalous,True,0.5952166304290183
12_fault,500,IForest,0.0,0,anomalous,False,0.6072899542168249
12_fault,500,IForest,0.0,1,anomalous,False,0.57321415979127
12_fault,500,IForest,0.0,2,anomalous,False,0.46665252514539246
12_fault,500,IForest,0.0,3,anomalous,False,0.6300224496650227
12_fault,500,IForest,0.0,4,anomalous,False,0.591203973767478
12_fault,500,IForest,0.0,0,clusters,True,0.6164289123402449
12_fault,500,IForest,0.0,1,clusters,True,0.6022318595303575
12_fault,500,IForest,0.0,2,clusters,True,0.5166428028495166
12_fault,500,IForest,0.0,3,clusters,True,0.6519241307383642
12_fault,500,IForest,0.0,4,clusters,True,0.5484435488147638
12_fault,500,IForest,0.0,0,clusters,False,0.6194339856110022
12_fault,500,IForest,0.0,1,clusters,False,0.5916366969889288
12_fault,500,IForest,0.0,2,clusters,False,0.5074861678245037
12_fault,500,IForest,0.0,3,clusters,False,0.6159869898004277
12_fault,500,IForest,0.0,4,clusters,False,0.5896307295257287
12_fault,500,IForest,0.004,0,random,True,0.5959590602959113
12_fault,500,IForest,0.004,1,random,True,0.592870742542839
12_fault,296,IForest,0.004,2,random,True,0.43842251330186854
12_fault,318,IForest,0.004,3,random,True,0.678404129324212
12_fault,500,IForest,0.004,4,random,True,0.5568224001696982
12_fault,500,IForest,0.004,0,random,False,0.6238708879107671
12_fault,498,IForest,0.004,1,random,False,0.606991749524011
12_fault,499,IForest,0.004,2,random,False,0.5016174364957311
12_fault,499,IForest,0.004,3,random,False,0.6173304343214722
12_fault,498,IForest,0.004,4,random,False,0.60285305191706
12_fault,444,IForest,0.004,0,uncertainty,True,0.6790935284863269
12_fault,102,IForest,0.004,1,uncertainty,True,0.6011300331429377
12_fault,500,IForest,0.004,2,uncertainty,True,0.5119937777306393
12_fault,500,IForest,0.004,3,uncertainty,True,0.606034894203744
12_fault,500,IForest,0.004,4,uncertainty,True,0.5723073659648936
12_fault,499,IForest,0.004,0,uncertainty,False,0.590638312916512
12_fault,499,IForest,0.004,1,uncertainty,False,0.5726500246809112
12_fault,500,IForest,0.004,2,uncertainty,False,0.5043043255378197
12_fault,499,IForest,0.004,3,uncertainty,False,0.6316133708083647
12_fault,498,IForest,0.004,4,uncertainty,False,0.5907974050308462
12_fault,499,IForest,0.004,0,anomalous,True,0.572802319209489
12_fault,2,IForest,0.004,1,anomalous,True,0.5
12_fault,3,IForest,0.004,2,anomalous,True,0.5553817326898941
12_fault,500,IForest,0.004,3,anomalous,True,0.6373230100228032
12_fault,499,IForest,0.004,4,anomalous,True,0.5841685669335879
12_fault,499,IForest,0.004,0,anomalous,False,0.6128228244153365
12_fault,499,IForest,0.004,1,anomalous,False,0.5703229673506804
12_fault,499,IForest,0.004,2,anomalous,False,0.4840996270173764
12_fault,498,IForest,0.004,3,anomalous,False,0.636085626911315
12_fault,499,IForest,0.004,4,anomalous,False,0.5805978328118648
12_fault,2,IForest,0.004,0,clusters,True,0.5
12_fault,105,IForest,0.004,1,clusters,True,0.6070975248572033
12_fault,102,IForest,0.004,2,clusters,True,0.6023227448692793
12_fault,103,IForest,0.004,3,clusters,True,0.5968782591787312
12_fault,3,IForest,0.004,4,clusters,True,0.6608067737886902
12_fault,499,IForest,0.004,0,clusters,False,0.6159339590956496
12_fault,499,IForest,0.004,1,clusters,False,0.5745363514561738
12_fault,499,IForest,0.004,2,clusters,False,0.5178625090594121
12_fault,499,IForest,0.004,3,clusters,False,0.6315073093988086
12_fault,499,IForest,0.004,4,clusters,False,0.5714411977868519
12_fault,326,IForest,0.006,0,random,True,0.6877905640699298
12_fault,271,IForest,0.006,1,random,True,0.6775791552076723
12_fault,310,IForest,0.006,2,random,True,0.43428611832917924
12_fault,402,IForest,0.006,3,random,True,0.6451538774283644
12_fault,96,IForest,0.006,4,random,True,0.6303406338936911
12_fault,499,IForest,0.006,0,random,False,0.6141662689363809
12_fault,498,IForest,0.006,1,random,False,0.5919892814329031
12_fault,499,IForest,0.006,2,random,False,0.5464637358363826
12_fault,499,IForest,0.006,3,random,False,0.6108253345353626
12_fault,498,IForest,0.006,4,random,False,0.5684538014176875
12_fault,66,IForest,0.006,0,uncertainty,True,0.6821516324618621
12_fault,500,IForest,0.006,1,uncertainty,True,0.5587053099217262
12_fault,404,IForest,0.006,2,uncertainty,True,0.5356631489632496
12_fault,148,IForest,0.006,3,uncertainty,True,0.5829842145268778
12_fault,500,IForest,0.006,4,uncertainty,True,0.5778755899665906
12_fault,499,IForest,0.006,0,uncertainty,False,0.6021106220501671
12_fault,497,IForest,0.006,1,uncertainty,False,0.5930646639870248
12_fault,500,IForest,0.006,2,uncertainty,False,0.5123649926640859
12_fault,499,IForest,0.006,3,uncertainty,False,0.6060172173021513
12_fault,500,IForest,0.006,4,uncertainty,False,0.5954287532481306
12_fault,499,IForest,0.006,0,anomalous,True,0.5784589277191493
12_fault,2,IForest,0.006,1,anomalous,True,0.5
12_fault,3,IForest,0.006,2,anomalous,True,0.5895511834685616
12_fault,498,IForest,0.006,3,anomalous,True,0.6265754538544485
12_fault,2,IForest,0.006,4,anomalous,True,0.5
12_fault,499,IForest,0.006,0,anomalous,False,0.6236764419932475
12_fault,498,IForest,0.006,1,anomalous,False,0.5563253649248995
12_fault,499,IForest,0.006,2,anomalous,False,0.5190822152693075
12_fault,499,IForest,0.006,3,anomalous,False,0.6160930512099839
12_fault,499,IForest,0.006,4,anomalous,False,0.5502289158756253
12_fault,500,IForest,0.006,0,clusters,True,0.6105955348146577
12_fault,284,IForest,0.006,1,clusters,True,0.6557541781256612
12_fault,500,IForest,0.006,2,clusters,True,0.5415672340952078
12_fault,290,IForest,0.006,3,clusters,True,0.687666825758781
12_fault,105,IForest,0.006,4,clusters,True,0.625002209612699
12_fault,500,IForest,0.006,0,clusters,False,0.5909564971451804
12_fault,499,IForest,0.006,1,clusters,False,0.5652104929130527
12_fault,500,IForest,0.006,2,clusters,False,0.5085291050184724
12_fault,499,IForest,0.006,3,clusters,False,0.6156511286701667
12_fault,499,IForest,0.006,4,clusters,False,0.6021106220501671
12_fault,346,IForest,0.008,0,random,True,0.6816743561188595
12_fault,277,IForest,0.008,1,random,True,0.6836964953106268
12_fault,234,IForest,0.008,2,random,True,0.4406321260009545
12_fault,402,IForest,0.008,3,random,True,0.6675328348447084
12_fault,112,IForest,0.008,4,random,True,0.6360149193049442
12_fault,499,IForest,0.008,0,random,False,0.6278128369659367
12_fault,498,IForest,0.008,1,random,False,0.6107291446301388
12_fault,498,IForest,0.008,2,random,False,0.5376076081384454
12_fault,499,IForest,0.008,3,random,False,0.6009085927418643
12_fault,498,IForest,0.008,4,random,False,0.5986813031411855
12_fault,481,IForest,0.008,0,uncertainty,True,0.6052747874352583
12_fault,67,IForest,0.008,1,uncertainty,True,0.4540229885057471
12_fault,214,IForest,0.008,2,uncertainty,True,0.5933782326633787
12_fault,282,IForest,0.008,3,uncertainty,True,0.660338335896484
12_fault,324,IForest,0.008,4,uncertainty,True,0.645401354050662
12_fault,498,IForest,0.008,0,uncertainty,False,0.6234289653709497
12_fault,500,IForest,0.008,1,uncertainty,False,0.550631126154714
12_fault,497,IForest,0.008,2,uncertainty,False,0.5092185041805872
12_fault,499,IForest,0.008,3,uncertainty,False,0.6031535592441356
12_fault,500,IForest,0.008,4,uncertainty,False,0.5745876862703505
12_fault,499,IForest,0.008,0,anomalous,True,0.6256739318732213
12_fault,68,IForest,0.008,1,anomalous,True,0.4755130103659826
12_fault,3,IForest,0.008,2,anomalous,True,0.5897721447384702
12_fault,498,IForest,0.008,3,anomalous,True,0.6077849074614202
12_fault,34,IForest,0.008,4,anomalous,True,0.6308621024906754
12_fault,499,IForest,0.008,0,anomalous,False,0.5829842145268778
12_fault,497,IForest,0.008,1,anomalous,False,0.6115577180734786
12_fault,498,IForest,0.008,2,anomalous,False,0.49569567446218027
12_fault,497,IForest,0.008,3,anomalous,False,0.6241890721394354
12_fault,499,IForest,0.008,4,anomalous,False,0.5676229870428311
12_fault,97,IForest,0.008,0,clusters,True,0.6352548125364585
12_fault,500,IForest,0.008,1,clusters,True,0.5769868133417954
12_fault,364,IForest,0.008,2,clusters,True,0.5733856569620477
12_fault,500,IForest,0.008,3,clusters,True,0.6205476304113414
12_fault,291,IForest,0.008,4,clusters,True,0.6126460553994096
12_fault,498,IForest,0.008,0,clusters,False,0.5883579926110551
12_fault,500,IForest,0.008,1,clusters,False,0.6103765601861645
12_fault,499,IForest,0.008,2,clusters,False,0.5080341517738771
12_fault,500,IForest,0.008,3,clusters,False,0.6291386045853882
12_fault,499,IForest,0.008,4,clusters,False,0.5844867511622562
12_fault,359,IForest,0.01,0,random,True,0.6925633274999559
12_fault,334,IForest,0.01,1,random,True,0.6769797616529157
12_fault,237,IForest,0.01,2,random,True,0.44819783988262535
12_fault,402,IForest,0.01,3,random,True,0.6787576673560658
12_fault,210,IForest,0.01,4,random,True,0.6608332891410794
12_fault,499,IForest,0.01,0,random,False,0.6028353750154674
12_fault,498,IForest,0.01,1,random,False,0.59560327198364
12_fault,498,IForest,0.01,2,random,False,0.5177034169450779
12_fault,499,IForest,0.01,3,random,False,0.6190804475791483
12_fault,498,IForest,0.01,4,random,False,0.564617913772074
12_fault,500,IForest,0.01,0,uncertainty,True,0.6137420232981563
12_fault,500,IForest,0.01,1,uncertainty,True,0.5690007756857769
12_fault,115,IForest,0.01,2,uncertainty,True,0.606370755334005
12_fault,145,IForest,0.01,3,uncertainty,True,0.6278128369659366
12_fault,430,IForest,0.01,4,uncertainty,True,0.6312421558749183
12_fault,497,IForest,0.01,0,uncertainty,False,0.6348835976030122
12_fault,495,IForest,0.01,1,uncertainty,False,0.5824695014455963
12_fault,497,IForest,0.01,2,uncertainty,False,0.5272489438051299
12_fault,498,IForest,0.01,3,uncertainty,False,0.6094465362111329
12_fault,497,IForest,0.01,4,uncertainty,False,0.5939615704159373
12_fault,499,IForest,0.01,0,anomalous,True,0.6100121970620991
12_fault,2,IForest,0.01,1,anomalous,True,0.5
12_fault,434,IForest,0.01,2,anomalous,True,0.512806915203903
12_fault,498,IForest,0.01,3,anomalous,True,0.6177546799596967
12_fault,418,IForest,0.01,4,anomalous,True,0.456682752647116
12_fault,497,IForest,0.01,0,anomalous,False,0.6063707553340051
12_fault,496,IForest,0.01,1,anomalous,False,0.5847260418870319
12_fault,499,IForest,0.01,2,anomalous,False,0.5102260875713704
12_fault,498,IForest,0.01,3,anomalous,False,0.6277774831627512
12_fault,498,IForest,0.01,4,anomalous,False,0.5864135334358593
12_fault,180,IForest,0.01,0,clusters,True,0.6070778313977125
12_fault,489,IForest,0.01,1,clusters,True,0.5700761582398985
12_fault,367,IForest,0.01,2,clusters,True,0.5575117993318132
12_fault,500,IForest,0.01,3,clusters,True,0.6394265613123333
12_fault,345,IForest,0.01,4,clusters,True,0.6826465857064574
12_fault,498,IForest,0.01,0,clusters,False,0.5938908628095666
12_fault,499,IForest,0.01,1,clusters,False,0.5957795642056273
12_fault,499,IForest,0.01,2,clusters,False,0.537802054055965
12_fault,500,IForest,0.01,3,clusters,False,0.624719379187216
12_fault,499,IForest,0.01,4,clusters,False,0.5792013575860423
12_fault,329,IForest,0.013,0,random,True,0.7018613777377101
12_fault,321,IForest,0.013,1,random,True,0.6611663493406671
12_fault,222,IForest,0.013,2,random,True,0.43866998992416606
12_fault,298,IForest,0.013,3,random,True,0.6532675752594085
12_fault,270,IForest,0.013,4,random,True,0.6373583638259885
12_fault,498,IForest,0.013,0,random,False,0.607855615067791
12_fault,497,IForest,0.013,1,random,False,0.6029722868627035
12_fault,497,IForest,0.013,2,random,False,0.5417793569143201
12_fault,498,IForest,0.013,3,random,False,0.6208304608368245
12_fault,498,IForest,0.013,4,random,False,0.5999010093510809
12_fault,146,IForest,0.013,0,uncertainty,True,0.6127697937105585
12_fault,477,IForest,0.013,1,uncertainty,True,0.609600874409421
12_fault,248,IForest,0.013,2,uncertainty,True,0.5843453359495148
12_fault,357,IForest,0.013,3,uncertainty,True,0.6125399939898534
12_fault,193,IForest,0.013,4,uncertainty,True,0.6129112089232999
12_fault,498,IForest,0.013,0,uncertainty,False,0.5880574852839795
12_fault,498,IForest,0.013,1,uncertainty,False,0.5827339397785769
12_fault,497,IForest,0.013,2,uncertainty,False,0.4738647009952095
12_fault,499,IForest,0.013,3,uncertainty,False,0.6290502200774248
12_fault,496,IForest,0.013,4,uncertainty,False,0.5626204238921002
12_fault,295,IForest,0.013,0,anomalous,True,0.5687366318431705
12_fault,73,IForest,0.013,1,anomalous,True,0.6002221281997038
12_fault,451,IForest,0.013,2,anomalous,True,0.5183044315992293
12_fault,36,IForest,0.013,3,anomalous,True,0.5852733732831309
12_fault,392,IForest,0.013,4,anomalous,True,0.6051864029272949
12_fault,498,IForest,0.013,0,anomalous,False,0.6162521433243181
12_fault,496,IForest,0.013,1,anomalous,False,0.5783266342288979
12_fault,499,IForest,0.013,2,anomalous,False,0.5041098796203001
12_fault,497,IForest,0.013,3,anomalous,False,0.6093051209983914
12_fault,498,IForest,0.013,4,anomalous,False,0.5507768998249987
12_fault,180,IForest,0.013,0,clusters,True,0.5921585264534832
12_fault,489,IForest,0.013,1,clusters,True,0.5895917072138778
12_fault,367,IForest,0.013,2,clusters,True,0.5728730268158597
12_fault,500,IForest,0.013,3,clusters,True,0.6273532375245268
12_fault,352,IForest,0.013,4,clusters,True,0.6619469339414187
12_fault,498,IForest,0.013,0,clusters,False,0.5723250428664863
12_fault,499,IForest,0.013,1,clusters,False,0.5521648684860023
12_fault,499,IForest,0.013,2,clusters,False,0.5343904120485761
12_fault,500,IForest,0.013,3,clusters,False,0.6190274168743701
12_fault,499,IForest,0.013,4,clusters,False,0.6027823443106892
12_fault,260,IForest,0.02,0,random,True,0.7108412437467961
12_fault,318,IForest,0.02,1,random,True,0.6804350892038642
12_fault,284,IForest,0.02,2,random,True,0.5445723073659648
12_fault,385,IForest,0.02,3,random,True,0.6316840784147354
12_fault,315,IForest,0.02,4,random,True,0.6370225026957275
12_fault,496,IForest,0.02,0,random,False,0.6244542256633258
12_fault,495,IForest,0.02,1,random,False,0.594298709540935
12_fault,495,IForest,0.02,2,random,False,0.5254635767442682
12_fault,498,IForest,0.02,3,random,False,0.6192041858902972
12_fault,497,IForest,0.02,4,random,False,0.5977090735535875
12_fault,252,IForest,0.02,0,uncertainty,True,0.6040374043237701
12_fault,225,IForest,0.02,1,uncertainty,True,0.6247796347225161
12_fault,280,IForest,0.02,2,uncertainty,True,0.5872089940075303
12_fault,320,IForest,0.02,3,uncertainty,True,0.647964504781602
12_fault,183,IForest,0.02,4,uncertainty,True,0.7313641264959078
12_fault,495,IForest,0.02,0,uncertainty,False,0.6188329709568507
12_fault,498,IForest,0.02,1,uncertainty,False,0.5812178266694873
12_fault,496,IForest,0.02,2,uncertainty,False,0.5202135369712396
12_fault,495,IForest,0.02,3,uncertainty,False,0.609446536211133
12_fault,496,IForest,0.02,4,uncertainty,False,0.5919110498311856
12_fault,270,IForest,0.02,0,anomalous,True,0.5652366053278182
12_fault,46,IForest,0.02,1,anomalous,True,0.6307735702700796
12_fault,409,IForest,0.02,2,anomalous,True,0.41933145958176443
12_fault,36,IForest,0.02,3,anomalous,True,0.5650156440579095
12_fault,43,IForest,0.02,4,anomalous,True,0.6380831167912888
12_fault,495,IForest,0.02,0,anomalous,False,0.5839210903112902
12_fault,494,IForest,0.02,1,anomalous,False,0.5484803610464706
12_fault,497,IForest,0.02,2,anomalous,False,0.5028901734104045
12_fault,493,IForest,0.02,3,anomalous,False,0.6197698467412632
12_fault,495,IForest,0.02,4,anomalous,False,0.5731205034381575
12_fault,278,IForest,0.02,0,clusters,True,0.6751162256279719
12_fault,328,IForest,0.02,1,clusters,True,0.6439778576969184
12_fault,500,IForest,0.02,2,clusters,True,0.49527142882395575
12_fault,372,IForest,0.02,3,clusters,True,0.636085626911315
12_fault,375,IForest,0.02,4,clusters,True,0.6484417811246046
12_fault,497,IForest,0.02,0,clusters,False,0.5985222110268511
12_fault,496,IForest,0.02,1,clusters,False,0.6033777589732741
12_fault,500,IForest,0.02,2,clusters,False,0.4967739654593343
12_fault,498,IForest,0.02,3,clusters,False,0.6319492319386258
12_fault,498,IForest,0.02,4,clusters,False,0.5677290484523874
12_fault,330,IForest,0.03,0,random,True,0.6977780134697991
12_fault,343,IForest,0.03,1,random,True,0.646304915027149
12_fault,222,IForest,0.03,2,random,True,0.6179844796804016
12_fault,441,IForest,0.03,3,random,True,0.6386311007406623
12_fault,404,IForest,0.03,4,random,True,0.6095702745222817
12_fault,495,IForest,0.03,0,random,False,0.6096233052270597
12_fault,494,IForest,0.03,1,random,False,0.5773393977857697
12_fault,493,IForest,0.03,2,random,False,0.5181276625833025
12_fault,498,IForest,0.03,3,random,False,0.6316487246115501
12_fault,496,IForest,0.03,4,random,False,0.5722189814569303
12_fault,163,IForest,0.03,0,uncertainty,True,0.6336462144915239
12_fault,263,IForest,0.03,1,uncertainty,True,0.6969712996262605
12_fault,272,IForest,0.03,2,uncertainty,True,0.6045146806667727
12_fault,318,IForest,0.03,3,uncertainty,True,0.6935002032843683
12_fault,261,IForest,0.03,4,uncertainty,True,0.6690176945784941
12_fault,495,IForest,0.03,0,uncertainty,False,0.6078025843630129
12_fault,495,IForest,0.03,1,uncertainty,False,0.5668852690219308
12_fault,493,IForest,0.03,2,uncertainty,False,0.5099079033427021
12_fault,493,IForest,0.03,3,uncertainty,False,0.6248077636951795
12_fault,496,IForest,0.03,4,uncertainty,False,0.6058404482862244
12_fault,186,IForest,0.03,0,anomalous,True,0.6775202842445777
12_fault,212,IForest,0.03,1,anomalous,True,0.5804245116705451
12_fault,409,IForest,0.03,2,anomalous,True,0.5379081154655212
12_fault,34,IForest,0.03,3,anomalous,True,0.5705573527072174
12_fault,49,IForest,0.03,4,anomalous,True,0.6870834880062223
12_fault,492,IForest,0.03,0,anomalous,False,0.5826483533966166
12_fault,491,IForest,0.03,1,anomalous,False,0.5852549185529934
12_fault,494,IForest,0.03,2,anomalous,False,0.5096604267204043
12_fault,492,IForest,0.03,3,anomalous,False,0.6210779374591222
12_fault,492,IForest,0.03,4,anomalous,False,0.5862190875183398
12_fault,359,IForest,0.03,0,clusters,True,0.6656944370790688
12_fault,188,IForest,0.03,1,clusters,True,0.6601262252309428
12_fault,397,IForest,0.03,2,clusters,True,0.545809690477453
12_fault,301,IForest,0.03,3,clusters,True,0.7096038606353079
12_fault,310,IForest,0.03,4,clusters,True,0.7025330999982323
12_fault,496,IForest,0.03,0,clusters,False,0.6266461614608191
12_fault,491,IForest,0.03,1,clusters,False,0.5915309216557365
12_fault,497,IForest,0.03,2,clusters,False,0.5175089710275583
12_fault,495,IForest,0.03,3,clusters,False,0.6199642926587828
12_fault,494,IForest,0.03,4,clusters,False,0.5642290219370348
12_fault,293,IForest,0.04,0,random,True,0.7256898410846547
12_fault,353,IForest,0.04,1,random,True,0.6570411113461674
12_fault,277,IForest,0.04,2,random,True,0.575011931908575
12_fault,401,IForest,0.04,3,random,True,0.6401336373760407
12_fault,421,IForest,0.04,4,random,True,0.6065298474483392
12_fault,492,IForest,0.04,0,random,False,0.6072722773152321
12_fault,493,IForest,0.04,1,random,False,0.5999576898667232
12_fault,492,IForest,0.04,2,random,False,0.4976224567357833
12_fault,497,IForest,0.04,3,random,False,0.5927595411076347
12_fault,495,IForest,0.04,4,random,False,0.5889059765604285
12_fault,269,IForest,0.04,0,uncertainty,True,0.7085962772445246
12_fault,385,IForest,0.04,1,uncertainty,True,0.629010648050208
12_fault,254,IForest,0.04,2,uncertainty,True,0.5989111028618903
12_fault,357,IForest,0.04,3,uncertainty,True,0.7120255961535062
12_fault,256,IForest,0.04,4,uncertainty,True,0.6186738788425165
12_fault,492,IForest,0.04,0,uncertainty,False,0.6090046136713156
12_fault,495,IForest,0.04,1,uncertainty,False,0.5770573302305901
12_fault,495,IForest,0.04,2,uncertainty,False,0.4845415495571936
12_fault,492,IForest,0.04,3,uncertainty,False,0.634035106326563
12_fault,489,IForest,0.04,4,uncertainty,False,0.5862190875183397
12_fault,180,IForest,0.04,0,anomalous,True,0.7033992681762742
12_fault,97,IForest,0.04,1,anomalous,True,0.627018545941753
12_fault,359,IForest,0.04,2,anomalous,True,0.5301302787647381
12_fault,155,IForest,0.04,3,anomalous,True,0.6985911509430627
12_fault,213,IForest,0.04,4,anomalous,True,0.5436354315815524
12_fault,491,IForest,0.04,0,anomalous,False,0.5951989535274258
12_fault,490,IForest,0.04,1,anomalous,False,0.5684718990198152
12_fault,493,IForest,0.04,2,anomalous,False,0.49611992010040484
12_fault,489,IForest,0.04,3,anomalous,False,0.6113379646815505
12_fault,489,IForest,0.04,4,anomalous,False,0.5558678474836931
12_fault,348,IForest,0.04,0,clusters,True,0.6906188683247602
12_fault,232,IForest,0.04,1,clusters,True,0.6580812354558916
12_fault,347,IForest,0.04,2,clusters,True,0.5883579926110551
12_fault,321,IForest,0.04,3,clusters,True,0.6991037810892506
12_fault,344,IForest,0.04,4,clusters,True,0.6723763058811052
12_fault,494,IForest,0.04,0,clusters,False,0.6375881635466936
12_fault,489,IForest,0.04,1,clusters,False,0.5996579930893449
12_fault,493,IForest,0.04,2,clusters,False,0.5256403457601951
12_fault,493,IForest,0.04,3,clusters,False,0.6385780700358842
12_fault,493,IForest,0.04,4,clusters,False,0.5655194357533011
12_fault,274,IForest,0.06,0,random,True,0.7149599618178926
12_fault,290,IForest,0.06,1,random,True,0.6617304844510259
12_fault,270,IForest,0.06,2,random,True,0.5947923847907939
12_fault,416,IForest,0.06,3,random,True,0.6466740909653357
12_fault,391,IForest,0.06,4,random,True,0.6450831698219935
12_fault,487,IForest,0.06,0,random,False,0.6344593519647876
12_fault,488,IForest,0.06,1,random,False,0.630191805937522
12_fault,487,IForest,0.06,2,random,False,0.5352035495218399
12_fault,494,IForest,0.06,3,random,False,0.6322497392657016
12_fault,492,IForest,0.06,4,random,False,0.6017040533135352
12_fault,305,IForest,0.06,0,uncertainty,True,0.6834243693765357
12_fault,264,IForest,0.06,1,uncertainty,True,0.6667371835554615
12_fault,267,IForest,0.06,2,uncertainty,True,0.5801205564688621
12_fault,384,IForest,0.06,3,uncertainty,True,0.6976896289618356
12_fault,205,IForest,0.06,4,uncertainty,True,0.6881617790033763
12_fault,486,IForest,0.06,0,uncertainty,False,0.6056813561718901
12_fault,492,IForest,0.06,1,uncertainty,False,0.5849904802200128
12_fault,487,IForest,0.06,2,uncertainty,False,0.5370242703858867
12_fault,485,IForest,0.06,3,uncertainty,False,0.6104010888971381
12_fault,487,IForest,0.06,4,uncertainty,False,0.5915575117993319
12_fault,311,IForest,0.06,0,anomalous,True,0.6935532339891465
12_fault,207,IForest,0.06,1,anomalous,True,0.6110993582963119
12_fault,312,IForest,0.06,2,anomalous,True,0.5551607714199855
12_fault,231,IForest,0.06,3,anomalous,True,0.6309239716462498
12_fault,243,IForest,0.06,4,anomalous,True,0.5359990100935108
12_fault,485,IForest,0.06,0,anomalous,False,0.5982040267981829
12_fault,486,IForest,0.06,1,anomalous,False,0.5800190395599746
12_fault,491,IForest,0.06,2,anomalous,False,0.5249863004012657
12_fault,485,IForest,0.06,3,anomalous,False,0.6207243994272684
12_fault,481,IForest,0.06,4,anomalous,False,0.5471177811953121
12_fault,331,IForest,0.06,0,clusters,True,0.6800127273691468
12_fault,310,IForest,0.06,1,clusters,True,0.6705627247725829
12_fault,341,IForest,0.06,2,clusters,True,0.5956939067720209
12_fault,382,IForest,0.06,3,clusters,True,0.7035937140937937
12_fault,320,IForest,0.06,4,clusters,True,0.6856163051740292
12_fault,489,IForest,0.06,0,clusters,False,0.6193632780046313
12_fault,489,IForest,0.06,1,clusters,False,0.560397715252803
12_fault,488,IForest,0.06,2,clusters,False,0.5192766611868271
12_fault,491,IForest,0.06,3,clusters,False,0.6351133973237171
12_fault,489,IForest,0.06,4,clusters,False,0.5694790617100635
12_fault,290,IForest,0.08,0,random,True,0.717947358187057
12_fault,324,IForest,0.08,1,random,True,0.6333650659332911
12_fault,300,IForest,0.08,2,random,True,0.6119213024341094
12_fault,420,IForest,0.08,3,random,True,0.6381538243976596
12_fault,383,IForest,0.08,4,random,True,0.6428382033197222
12_fault,484,IForest,0.08,0,random,False,0.5892064838875042
12_fault,485,IForest,0.08,1,random,False,0.5753120372329172
12_fault,485,IForest,0.08,2,random,False,0.5163069417192554
12_fault,492,IForest,0.08,3,random,False,0.6380124091849181
12_fault,490,IForest,0.08,4,random,False,0.5771508370012903
12_fault,369,IForest,0.08,0,uncertainty,True,0.6448533701012886
12_fault,235,IForest,0.08,1,uncertainty,True,0.6868697553063958
12_fault,339,IForest,0.08,2,uncertainty,True,0.5767972989694365
12_fault,405,IForest,0.08,3,uncertainty,True,0.6679217266797476
12_fault,199,IForest,0.08,4,uncertainty,True,0.6828763854271623
12_fault,483,IForest,0.08,0,uncertainty,False,0.6162874971275035
12_fault,482,IForest,0.08,1,uncertainty,False,0.5796840843381991
12_fault,484,IForest,0.08,2,uncertainty,False,0.5043043255378197
12_fault,482,IForest,0.08,3,uncertainty,False,0.6260981775114457
12_fault,480,IForest,0.08,4,uncertainty,False,0.5713704901804811
12_fault,225,IForest,0.08,0,anomalous,True,0.7422884516801895
12_fault,290,IForest,0.08,1,anomalous,True,0.6464106903603413
12_fault,264,IForest,0.08,2,anomalous,True,0.5752770854324654
12_fault,287,IForest,0.08,3,anomalous,True,0.6609747043538209
12_fault,161,IForest,0.08,4,anomalous,True,0.5872089940075305
12_fault,486,IForest,0.08,0,anomalous,False,0.579784695338601
12_fault,481,IForest,0.08,1,anomalous,False,0.5552676115929766
12_fault,486,IForest,0.08,2,anomalous,False,0.5175620017323364
12_fault,480,IForest,0.08,3,anomalous,False,0.6186562019409237
12_fault,479,IForest,0.08,4,anomalous,False,0.5856534266673737
12_fault,364,IForest,0.08,0,clusters,True,0.6759647169044211
12_fault,305,IForest,0.08,1,clusters,True,0.655454481348283
12_fault,359,IForest,0.08,2,clusters,True,0.5958176450831698
12_fault,356,IForest,0.08,3,clusters,True,0.6962047692280497
12_fault,345,IForest,0.08,4,clusters,True,0.6697247706422018
12_fault,486,IForest,0.08,0,clusters,False,0.5904792208021777
12_fault,485,IForest,0.08,1,clusters,False,0.5855546153303717
12_fault,485,IForest,0.08,2,clusters,False,0.532746460200456
12_fault,486,IForest,0.08,3,clusters,False,0.6127697937105584
12_fault,487,IForest,0.08,4,clusters,False,0.5908327588340316
12_fault,321,IForest,0.1,0,random,True,0.7243994272683884
12_fault,336,IForest,0.1,1,random,True,0.659808899231366
12_fault,278,IForest,0.1,2,random,True,0.6014388997896449
12_fault,409,IForest,0.1,3,random,True,0.6531084831450742
12_fault,375,IForest,0.1,4,random,True,0.6368280567782079
12_fault,481,IForest,0.1,0,random,False,0.6329921691325944
12_fault,484,IForest,0.1,1,random,False,0.5876172343276215
12_fault,478,IForest,0.1,2,random,False,0.5210620282476888
12_fault,490,IForest,0.1,3,random,False,0.589560021919358
12_fault,488,IForest,0.1,4,random,False,0.6322850930688869
12_fault,293,IForest,0.1,0,uncertainty,True,0.7002351027911827
12_fault,305,IForest,0.1,1,uncertainty,True,0.6628058670051478
12_fault,247,IForest,0.1,2,uncertainty,True,0.5989464566650757
12_fault,390,IForest,0.1,3,uncertainty,True,0.6796238355341075
12_fault,233,IForest,0.1,4,uncertainty,True,0.6630782556433509
12_fault,476,IForest,0.1,0,uncertainty,False,0.6266991921655972
12_fault,478,IForest,0.1,1,uncertainty,False,0.5921655736548903
12_fault,483,IForest,0.1,2,uncertainty,False,0.5141150059217621
12_fault,481,IForest,0.1,3,uncertainty,False,0.6320199395449966
12_fault,479,IForest,0.1,4,uncertainty,False,0.5785119584239273
12_fault,189,IForest,0.1,0,anomalous,True,0.7278817768821481
12_fault,289,IForest,0.1,1,anomalous,True,0.6264367816091954
12_fault,281,IForest,0.1,2,anomalous,True,0.5846281663749978
12_fault,213,IForest,0.1,3,anomalous,True,0.6867122730727758
12_fault,302,IForest,0.1,4,anomalous,True,0.6282724364073464
12_fault,475,IForest,0.1,0,anomalous,False,0.6265224231496703
12_fault,480,IForest,0.1,1,anomalous,False,0.5816409280022565
12_fault,480,IForest,0.1,2,anomalous,False,0.49173604850541797
12_fault,476,IForest,0.1,3,anomalous,False,0.6073783387247884
12_fault,470,IForest,0.1,4,anomalous,False,0.5900196213607679
12_fault,318,IForest,0.1,0,clusters,True,0.6747980413993035
12_fault,294,IForest,0.1,1,clusters,True,0.67747337987448
12_fault,333,IForest,0.1,2,clusters,True,0.60074950062753
12_fault,360,IForest,0.1,3,clusters,True,0.6688409255625674
12_fault,335,IForest,0.1,4,clusters,True,0.6563433561365364
12_fault,478,IForest,0.1,0,clusters,False,0.6154566827526471
12_fault,478,IForest,0.1,1,clusters,False,0.5999400606445243
12_fault,478,IForest,0.1,2,clusters,False,0.526276714217532
12_fault,482,IForest,0.1,3,clusters,False,0.6532852521610012
12_fault,482,IForest,0.1,4,clusters,False,0.6137420232981563
12_fault,362,IForest,0.15,0,random,True,0.6637146241006876
12_fault,340,IForest,0.15,1,random,True,0.6535681545730202
12_fault,324,IForest,0.15,2,random,True,0.6047444803874777
12_fault,392,IForest,0.15,3,random,True,0.6649166534089904
12_fault,386,IForest,0.15,4,random,True,0.6389139311661453
12_fault,477,IForest,0.15,0,random,False,0.6323204468720722
12_fault,477,IForest,0.15,1,random,False,0.5728792045694944
12_fault,472,IForest,0.15,2,random,False,0.5107033639143731
12_fault,481,IForest,0.15,3,random,False,0.6296158809283909
12_fault,482,IForest,0.15,4,random,False,0.567004295487087
12_fault,298,IForest,0.15,0,uncertainty,True,0.6963285075391985
12_fault,289,IForest,0.15,1,uncertainty,True,0.6768034694309285
12_fault,296,IForest,0.15,2,uncertainty,True,0.5837973520001414
12_fault,320,IForest,0.15,3,uncertainty,True,0.7192200951017306
12_fault,244,IForest,0.15,4,uncertainty,True,0.7069523253964046
12_fault,471,IForest,0.15,0,uncertainty,False,0.6142900072475297
12_fault,470,IForest,0.15,1,uncertainty,False,0.5812530851138847
12_fault,470,IForest,0.15,2,uncertainty,False,0.5206377826094641
12_fault,469,IForest,0.15,3,uncertainty,False,0.6268759611815242
12_fault,462,IForest,0.15,4,uncertainty,False,0.5606582878153117
12_fault,202,IForest,0.15,0,anomalous,True,0.7135281327888849
12_fault,231,IForest,0.15,1,anomalous,True,0.6796241449827233
12_fault,294,IForest,0.15,2,anomalous,True,0.5907974050308462
12_fault,253,IForest,0.15,3,anomalous,True,0.7317706952325397
12_fault,238,IForest,0.15,4,anomalous,True,0.6083328914107935
12_fault,471,IForest,0.15,0,anomalous,False,0.6238708879107671
12_fault,468,IForest,0.15,1,anomalous,False,0.6196495310626896
12_fault,476,IForest,0.15,2,anomalous,False,0.5102084106697778
12_fault,467,IForest,0.15,3,anomalous,False,0.6403634370967456
12_fault,459,IForest,0.15,4,anomalous,False,0.5769033603789928
12_fault,324,IForest,0.15,0,clusters,True,0.6692298173976066
12_fault,326,IForest,0.15,1,clusters,True,0.6455644876948029
12_fault,309,IForest,0.15,2,clusters,True,0.6158278976860936
12_fault,359,IForest,0.15,3,clusters,True,0.6826642626080501
12_fault,301,IForest,0.15,4,clusters,True,0.6837071998020187
12_fault,469,IForest,0.15,0,clusters,False,0.61711831150236
12_fault,470,IForest,0.15,1,clusters,False,0.6168464847330937
12_fault,465,IForest,0.15,2,clusters,False,0.5055593855509006
12_fault,473,IForest,0.15,3,clusters,False,0.6368987643845787
12_fault,465,IForest,0.15,4,clusters,False,0.6069187392833784
12_fault,370,IForest,0.2,0,random,True,0.6835127538844992
12_fault,359,IForest,0.2,1,random,True,0.6273887596079261
12_fault,302,IForest,0.2,2,random,True,0.6271764685085998
12_fault,354,IForest,0.2,3,random,True,0.6679394035813403
12_fault,345,IForest,0.2,4,random,True,0.643863463612098
12_fault,472,IForest,0.2,0,random,False,0.5895246681161727
12_fault,470,IForest,0.2,1,random,False,0.615700585290177
12_fault,465,IForest,0.2,2,random,False,0.5267363136589419
12_fault,471,IForest,0.2,3,random,False,0.6567499248731682
12_fault,472,IForest,0.2,4,random,False,0.5559739088932492
12_fault,325,IForest,0.2,0,uncertainty,True,0.6685404182354916
12_fault,301,IForest,0.2,1,uncertainty,True,0.6874515196389535
12_fault,308,IForest,0.2,2,uncertainty,True,0.5922645878630393
12_fault,341,IForest,0.2,3,uncertainty,True,0.7158791607007123
12_fault,220,IForest,0.2,4,uncertainty,True,0.7127680260203991
12_fault,458,IForest,0.2,0,uncertainty,False,0.6241713952378427
12_fault,459,IForest,0.2,1,uncertainty,False,0.6056695578591073
12_fault,456,IForest,0.2,2,uncertainty,False,0.5341429354262786
12_fault,456,IForest,0.2,3,uncertainty,False,0.6452245850347351
12_fault,457,IForest,0.2,4,uncertainty,False,0.607113185200898
12_fault,245,IForest,0.2,0,anomalous,True,0.7144296547701119
12_fault,266,IForest,0.2,1,anomalous,True,0.6737888724349481
12_fault,346,IForest,0.2,2,anomalous,True,0.5691608774813951
12_fault,311,IForest,0.2,3,anomalous,True,0.7130508564458821
12_fault,284,IForest,0.2,4,anomalous,True,0.6626186562019409
12_fault,455,IForest,0.2,0,anomalous,False,0.6209895529511588
12_fault,461,IForest,0.2,1,anomalous,False,0.5970841266483323
12_fault,463,IForest,0.2,2,anomalous,False,0.5158473422778456
12_fault,458,IForest,0.2,3,anomalous,False,0.6242067490410281
12_fault,455,IForest,0.2,4,anomalous,False,0.5742518251400894
12_fault,320,IForest,0.2,0,clusters,True,0.7056442346785454
12_fault,349,IForest,0.2,1,clusters,True,0.6654149918905579
12_fault,306,IForest,0.2,2,clusters,True,0.6447119548885472
12_fault,325,IForest,0.2,3,clusters,True,0.7157730992911563
12_fault,314,IForest,0.2,4,clusters,True,0.6532852521610012
12_fault,457,IForest,0.2,0,clusters,False,0.6274239451308974
12_fault,464,IForest,0.2,1,clusters,False,0.5920421690994992
12_fault,455,IForest,0.2,2,clusters,False,0.5358575948807692
12_fault,459,IForest,0.2,3,clusters,False,0.6217143059164589
12_fault,452,IForest,0.2,4,clusters,False,0.6197521698396706
12_fault,355,IForest,0.3,0,random,True,0.6720227678492514
12_fault,339,IForest,0.3,1,random,True,0.6673189478880192
12_fault,311,IForest,0.3,2,random,True,0.6190097399727776
12_fault,334,IForest,0.3,3,random,True,0.7003234872991462
12_fault,345,IForest,0.3,4,random,True,0.6494140107122024
12_fault,452,IForest,0.3,0,random,False,0.6275476834420463
12_fault,451,IForest,0.3,1,random,False,0.6054580071927227
12_fault,447,IForest,0.3,2,random,False,0.5202842445776104
12_fault,452,IForest,0.3,3,random,False,0.6432270951547612
12_fault,456,IForest,0.3,4,random,False,0.5957999681815772
12_fault,316,IForest,0.3,0,uncertainty,True,0.7075533400505559
12_fault,310,IForest,0.3,1,uncertainty,True,0.6915591284112546
12_fault,287,IForest,0.3,2,uncertainty,True,0.6159339590956497
12_fault,397,IForest,0.3,3,uncertainty,True,0.6792349436990684
12_fault,329,IForest,0.3,4,uncertainty,True,0.6635732088879461
12_fault,444,IForest,0.3,0,uncertainty,False,0.6337169220978947
12_fault,436,IForest,0.3,1,uncertainty,False,0.601209364642832
12_fault,435,IForest,0.3,2,uncertainty,False,0.5355394106521009
12_fault,445,IForest,0.3,3,uncertainty,False,0.6331335843453358
12_fault,434,IForest,0.3,4,uncertainty,False,0.6033656820632479
12_fault,311,IForest,0.3,0,anomalous,True,0.6981845822064309
12_fault,346,IForest,0.3,1,anomalous,True,0.6800296170932938
12_fault,306,IForest,0.3,2,anomalous,True,0.6208481377384173
12_fault,340,IForest,0.3,3,anomalous,True,0.7108058899436107
12_fault,324,IForest,0.3,4,anomalous,True,0.6399568683601138
12_fault,445,IForest,0.3,0,anomalous,False,0.6030651747361723
12_fault,437,IForest,0.3,1,anomalous,False,0.5828397151117694
12_fault,441,IForest,0.3,2,anomalous,False,0.5422036025525445
12_fault,440,IForest,0.3,3,anomalous,False,0.6464796450478161
12_fault,430,IForest,0.3,4,anomalous,False,0.5964186597373212
12_fault,317,IForest,0.3,0,clusters,True,0.7039472521256473
12_fault,345,IForest,0.3,1,clusters,True,0.6737712432127496
12_fault,349,IForest,0.3,2,clusters,True,0.584274628343144
12_fault,317,IForest,0.3,3,clusters,True,0.711071043467501
12_fault,326,IForest,0.3,4,clusters,True,0.6856339820756218
12_fault,433,IForest,0.3,0,clusters,False,0.639267469197999
12_fault,437,IForest,0.3,1,clusters,False,0.635727381707919
12_fault,438,IForest,0.3,2,clusters,False,0.52843329621184
12_fault,433,IForest,0.3,3,clusters,False,0.6525958529988864
12_fault,437,IForest,0.3,4,clusters,False,0.5857241342737446
12_fault,333,IForest,0.45,0,random,True,0.7018613777377102
12_fault,344,IForest,0.45,1,random,True,0.683061843311473
12_fault,324,IForest,0.45,2,random,True,0.6052217567304803
12_fault,337,IForest,0.45,3,random,True,0.6884269325272666
12_fault,343,IForest,0.45,4,random,True,0.6686995103498259
12_fault,423,IForest,0.45,0,random,False,0.6325856003959626
12_fault,427,IForest,0.45,1,random,False,0.5827515690007757
12_fault,421,IForest,0.45,2,random,False,0.5411253115553906
12_fault,425,IForest,0.45,3,random,False,0.6526488837036643
12_fault,425,IForest,0.45,4,random,False,0.6255678704636651
12_fault,317,IForest,0.45,0,uncertainty,True,0.6794647434197734
12_fault,316,IForest,0.45,1,uncertainty,True,0.6951731189619914
12_fault,329,IForest,0.45,2,uncertainty,True,0.5773983136235881
12_fault,349,IForest,0.45,3,uncertainty,True,0.7027275459157518
12_fault,314,IForest,0.45,4,uncertainty,True,0.6678863728765623
12_fault,417,IForest,0.45,0,uncertainty,False,0.6553357727457532
12_fault,417,IForest,0.45,1,uncertainty,False,0.6201960369508497
12_fault,414,IForest,0.45,2,uncertainty,False,0.5503703310883667
12_fault,423,IForest,0.45,3,uncertainty,False,0.6811794028742643
12_fault,410,IForest,0.45,4,uncertainty,False,0.614891021901681
12_fault,335,IForest,0.45,0,anomalous,True,0.657103462905022
12_fault,318,IForest,0.45,1,anomalous,True,0.6896375431915943
12_fault,332,IForest,0.45,2,anomalous,True,0.5986636262395927
12_fault,332,IForest,0.45,3,anomalous,True,0.6990684272860653
12_fault,328,IForest,0.45,4,anomalous,True,0.6729066129288858
12_fault,409,IForest,0.45,0,anomalous,False,0.6448356931996959
12_fault,416,IForest,0.45,1,anomalous,False,0.5901734715464354
12_fault,416,IForest,0.45,2,anomalous,False,0.5292817874882891
12_fault,422,IForest,0.45,3,anomalous,False,0.6579696310830638
12_fault,402,IForest,0.45,4,anomalous,False,0.604390942355624
12_fault,317,IForest,0.45,0,clusters,True,0.7216418306199289
12_fault,348,IForest,0.45,1,clusters,True,0.6641104294478527
12_fault,330,IForest,0.45,2,clusters,True,0.6108960421417333
12_fault,297,IForest,0.45,3,clusters,True,0.6931113114493291
12_fault,327,IForest,0.45,4,clusters,True,0.6804723268105566
12_fault,403,IForest,0.45,0,clusters,False,0.6352194587332731
12_fault,413,IForest,0.45,1,clusters,False,0.6370319441506239
12_fault,403,IForest,0.45,2,clusters,False,0.5260645913984197
12_fault,394,IForest,0.45,3,clusters,False,0.6816213254140815
12_fault,402,IForest,0.45,4,clusters,False,0.6023757755740574
12_fault,321,IForest,0.7,0,random,True,0.7022325926711566
12_fault,341,IForest,0.7,1,random,True,0.6703335448839998
12_fault,326,IForest,0.7,2,random,True,0.6168001272736915
12_fault,314,IForest,0.7,3,random,True,0.6859698432058828
12_fault,338,IForest,0.7,4,random,True,0.6521716073606617
12_fault,378,IForest,0.7,0,random,False,0.6647222074914708
12_fault,382,IForest,0.7,1,random,False,0.6267893660531697
12_fault,373,IForest,0.7,2,random,False,0.5554259249438758
12_fault,368,IForest,0.7,3,random,False,0.6833359848685722
12_fault,384,IForest,0.7,4,random,False,0.6195223701189656
12_fault,330,IForest,0.7,0,uncertainty,True,0.7085609234413393
12_fault,324,IForest,0.7,1,uncertainty,True,0.6875925534165432
12_fault,332,IForest,0.7,2,uncertainty,True,0.5929186332219688
12_fault,320,IForest,0.7,3,uncertainty,True,0.7049725124180234
12_fault,326,IForest,0.7,4,uncertainty,True,0.6502271481854661
12_fault,377,IForest,0.7,0,uncertainty,False,0.678404129324212
12_fault,373,IForest,0.7,1,uncertainty,False,0.6395352937028418
12_fault,381,IForest,0.7,2,uncertainty,False,0.5662795425217868
12_fault,372,IForest,0.7,3,uncertainty,False,0.6754874405614184
12_fault,374,IForest,0.7,4,uncertainty,False,0.6305881105159887
12_fault,324,IForest,0.7,0,anomalous,True,0.7010482402644463
12_fault,326,IForest,0.7,1,anomalous,True,0.6752873563218391
12_fault,323,IForest,0.7,2,anomalous,True,0.593820155203196
12_fault,318,IForest,0.7,3,anomalous,True,0.7043538208622793
12_fault,329,IForest,0.7,4,anomalous,True,0.6625833023987555
12_fault,362,IForest,0.7,0,anomalous,False,0.6671792968128547
12_fault,378,IForest,0.7,1,anomalous,False,0.6371553487060151
12_fault,365,IForest,0.7,2,anomalous,False,0.6118505948277386
12_fault,372,IForest,0.7,3,anomalous,False,0.6787753442576585
12_fault,365,IForest,0.7,4,anomalous,False,0.6311537713669548
12_fault,323,IForest,0.7,0,clusters,True,0.7003411642007389
12_fault,323,IForest,0.7,1,clusters,True,0.6943269162964529
12_fault,330,IForest,0.7,2,clusters,True,0.6109313959449189
12_fault,324,IForest,0.7,3,clusters,True,0.705166958335543
12_fault,321,IForest,0.7,4,clusters,True,0.6543988969613407
12_fault,353,IForest,0.7,0,clusters,False,0.6797475738452563
12_fault,353,IForest,0.7,1,clusters,False,0.6435018686975532
12_fault,361,IForest,0.7,2,clusters,False,0.5960297679022821
12_fault,357,IForest,0.7,3,clusters,False,0.6962931537360132
12_fault,355,IForest,0.7,4,clusters,False,0.6581110462958053
12_fault,326,IForest,1.0,0,random,True,0.6803309115978151
12_fault,327,IForest,1.0,1,random,True,0.7092412382765672
12_fault,326,IForest,1.0,2,random,True,0.5929539870251543
12_fault,326,IForest,1.0,3,random,True,0.7125912570044721
12_fault,326,IForest,1.0,4,random,True,0.6537978823071893
12_fault,326,IForest,1.0,0,random,False,0.7023209771791201
12_fault,327,IForest,1.0,1,random,False,0.6814928425357873
12_fault,326,IForest,1.0,2,random,False,0.5936610630888618
12_fault,326,IForest,1.0,3,random,False,0.6792702975022539
12_fault,326,IForest,1.0,4,random,False,0.6634141167736118
12_fault,326,IForest,1.0,0,uncertainty,True,0.6883562249208959
12_fault,327,IForest,1.0,1,uncertainty,True,0.6841901135321908
12_fault,326,IForest,1.0,2,uncertainty,True,0.6048505417970338
12_fault,326,IForest,1.0,3,uncertainty,True,0.7190610029873964
12_fault,326,IForest,1.0,4,uncertainty,True,0.6627954252178678
12_fault,326,IForest,1.0,0,uncertainty,False,0.6875254105460396
12_fault,327,IForest,1.0,1,uncertainty,False,0.6988047387349271
12_fault,326,IForest,1.0,2,uncertainty,False,0.6104364427003234
12_fault,326,IForest,1.0,3,uncertainty,False,0.7044598822718354
12_fault,326,IForest,1.0,4,uncertainty,False,0.6639267469197998
12_fault,326,IForest,1.0,0,anomalous,True,0.676247547329904
12_fault,327,IForest,1.0,1,anomalous,True,0.6913123193004724
12_fault,326,IForest,1.0,2,anomalous,True,0.5947216771844231
12_fault,326,IForest,1.0,3,anomalous,True,0.6989093351717311
12_fault,326,IForest,1.0,4,anomalous,True,0.6737197504021495
12_fault,326,IForest,1.0,0,anomalous,False,0.6876845026603737
12_fault,327,IForest,1.0,1,anomalous,False,0.6592271348988084
12_fault,326,IForest,1.0,2,anomalous,False,0.6306234643191742
12_fault,326,IForest,1.0,3,anomalous,False,0.7214827385055947
12_fault,326,IForest,1.0,4,anomalous,False,0.6582878153117321
12_fault,326,IForest,1.0,0,clusters,True,0.7032048222587546
12_fault,327,IForest,1.0,1,clusters,True,0.6883858684154855
12_fault,326,IForest,1.0,2,clusters,True,0.6099414894557282
12_fault,326,IForest,1.0,3,clusters,True,0.7162150218309734
12_fault,326,IForest,1.0,4,clusters,True,0.6343886443584168
12_fault,326,IForest,1.0,0,clusters,False,0.6983083205175797
12_fault,327,IForest,1.0,1,clusters,False,0.7005147732882024
12_fault,326,IForest,1.0,2,clusters,False,0.6304820491064326
12_fault,326,IForest,1.0,3,clusters,False,0.7125028724965088
12_fault,326,IForest,1.0,4,clusters,False,0.6783864524226194
